0,1
-1.2459527,1.653044
-6.737771,3.1630595
6.125465,-8.245798
1.5142555,-4.2425914
0.13339224,-4.3869386
-9.510568,3.3774056
9.642601,-0.99795014
-4.173926,-0.68015295
-7.2994623,-2.4698663
-9.415534,0.9475045
1.089291,-0.846906
17.694183,-20.761906
-11.364281,3.3583784
-5.402251,2.0274258
-4.1650357,-3.4136832
37.51678,31.563797
-3.2906451,-3.0233035
-6.3304033,0.91697264
31.199945,-30.410921
-9.126722,1.9027424
-6.383627,-3.4279454
-0.43456972,-3.4876204
7.9517655,8.704537
-8.799292,-0.83012724
-5.50158,1.8005015
-12.246105,2.0803025
-1.1532007,1.0060486
-7.2777605,-0.2526565
-7.6873007,1.7436842
9.833871,16.87736
-2.5233915,-1.3586974
40.765457,23.89472
-5.552237,1.7981845
-10.281271,1.3001225
-2.4827206,3.7888803
-0.8632685,2.7248225
-7.7439413,4.0156155
2.1798942,-2.9062238
-6.652879,0.7833802
1.1455173,9.79849
-0.4140513,-4.663537
-1.6787069,-3.6369271
32.15135,-16.884869
-3.9284737,1.4489435
-10.568436,1.0777918
-5.7523456,-1.5625589
-7.041627,2.778542
-11.3146515,4.238734
28.640549,-33.162716
-7.9686413,1.7020607
8.761737,-8.419738
-5.667106,1.6579717
-6.668608,0.40459946
-9.584388,2.0819838
-8.332939,3.2862186
5.8101583,-4.005724
-11.687111,2.9006276
-9.779559,3.4944744
-9.535864,3.4884672
-4.1405315,-2.954146
-9.839432,1.6585242
-8.784407,3.3695087
-5.3669815,-3.0037374
-7.6677337,0.93681175
-10.125352,2.6860483
11.38524,-7.4319634
0.67331564,0.8024457
-9.560375,2.4634748
2.1450226,2.7398715
46.015404,46.52704
5.869958,-1.4325607
-10.692463,2.5067759
-6.726158,-1.182806
9.565908,7.737439
-8.172866,1.1775801
3.0777535,-2.9984343
-7.076456,1.2529343
-0.85702175,-2.9947262
-4.7556663,-2.8538408
-5.2635736,1.6380156
-7.5304885,-1.3235464
-2.1637511,-1.3237332
-9.515392,2.2803714
-8.031158,2.9896333
-2.6636815,-1.0891303
-8.532103,-0.7448145
-2.2603755,2.7212455
9.608954,-8.72246
4.8947783,6.5107574
3.9456353,4.3131485
-10.467398,3.9824336
-6.656953,2.5246882
-9.315221,3.0384717
29.854702,-29.452719
-4.991085,3.3941684
7.7473516,0.7316573
-4.156179,-2.9148412
-0.20129678,-2.3799624
-5.605687,2.0717695
-7.9274087,1.1071525
-6.8061666,1.67141
-4.2747407,3.5544434
-12.109937,2.896345
-8.054478,-1.1800714
-0.95273477,-3.2028928
7.696474,-4.239027
-8.904934,4.008922
-7.4250174,3.3823702
-5.8473,-1.3429797
-6.1430607,-0.3187722
-8.629575,0.71577895
-4.4761906,-1.4548875
-0.9987165,-2.229069
-7.6601944,1.1348623
3.1965525,-5.377391
-5.215408,-1.399171
-3.3685825,-0.1484174
-7.030039,0.53313327
-7.8202047,2.4252892
150.428,60.572735
0.53510463,-6.580454
8.114948,-11.396496
0.23801936,-3.2591903
-9.618541,4.1558576
-3.3034341,-3.001379
-10.76645,1.6248434
-6.7624793,1.6361909
-2.733425,-0.686473
13.793433,-15.519202
-8.841444,5.1006393
-1.7614573,-0.027123978
-8.475391,2.684098
-6.2700677,-1.0206102
18.478373,11.932409
-8.199078,3.2959692
-11.221326,4.1363606
-10.834038,3.7234209
1.3429152,-1.771977
-11.294537,3.2099795
3.0872333,1.0191041
1.251708,-1.1061053
-8.894804,2.295914
-2.5066922,-4.296778
-10.17414,3.1759527
-2.5323284,-3.6532395
6.977171,-7.720457
26.297247,-30.992289
-2.3807995,-4.180394
-0.010872601,0.55911773
-9.277052,2.8063755
-1.1703565,-6.9141135
0.5070038,0.23874836
-9.683973,1.3839554
-6.924827,5.3745565
-2.833367,-0.58397263
7.9954824,-5.7130566
3.9836557,-3.640846
29.086142,11.691299
-7.1784716,-1.2161939
18.024971,-14.45841
-3.9655967,-0.56005925
-6.399278,3.528947
5.1812296,3.8234243
17.934914,25.03481
54.323086,-10.112343
-5.177034,2.2485495
19.249052,-16.776075
-8.454043,0.85503423
-0.6684981,3.7406235
0.3074622,-2.6968467
-0.7041189,-5.0102353
-5.88971,2.864359
11.512177,-3.5515497
-11.55858,3.7578216
9.710279,-12.335436
-5.5141635,-2.3253753
-5.9311814,1.7017837
-10.347786,2.2882998
-6.1377053,1.1947079
4.0973554,-1.8372698
-10.395831,3.2186127
-7.2537208,5.7428684
0.43458208,-1.7006602
-9.314777,2.5986457
-10.174083,3.6832545
1.0046707,-2.3705728
51.50327,-47.460796
-7.7705054,0.32677165
16.70006,0.8193421
-6.5343695,1.3083274
2.7847939,9.135585
-2.5232925,4.3788004
-5.916121,-3.1707585
-2.521573,-2.7438648
-10.385377,2.2394578
-2.3679085,-5.472296
-6.4399114,0.6196726
-5.5425296,1.6166134
24.417067,-22.336344
73.693985,44.39394
-0.349394,-6.1042657
-10.306057,1.159747
-2.8548222,0.9210007
1.8872405,-3.6869137
3.8952532,-3.0498025
-10.48434,4.0896235
-3.7245524,-2.3441448
1.0639682,-2.332007
-11.5985,3.96385
-4.9111266,5.92085
4.4217715,-0.92031276
66.513596,45.26319
-5.2739153,0.8210947
-8.507282,1.1498384
-8.687233,3.9364898
-8.367275,-2.245447
-12.666014,4.0347414
-2.0693338,-8.136688
-0.5899473,-3.707235
-1.9487642,-5.631079
-9.2815485,0.5195425
-6.9440246,2.3437126
-8.350802,-0.63637054
-8.316034,3.4222682
-11.317303,3.2175639
-11.67082,2.6650996
3.7225852,-5.2100525
-5.683015,-0.07110916
-8.873968,2.6765306
54.71263,29.760204
-8.225607,2.9872801
67.75803,-20.980251
-8.429864,3.2965393
-0.6004627,-2.3057144
-10.5621605,4.024427
-3.884753,2.9832046
-5.705079,3.153112
-4.917411,-2.312951
-12.292358,4.018762
57.576897,-15.030642
-6.210747,-1.2614671
-10.073041,2.7927613
-10.4506855,1.8097514
7.901083,-12.445654
-11.091011,2.4830375
-6.562142,3.7835782
-10.962157,3.758543
-9.707649,1.4310505
3.1363742,0.53030235
-6.493296,2.363809
2.3220096,-10.360118
-6.5033236,2.5994296
-8.45501,2.7953146
-6.5099053,4.646484
-7.309345,-0.73804283
-10.828383,3.870454
0.11064059,-4.1870956
-5.5043797,0.51704377
1.9557654,-2.8171895
-5.7033706,-0.009509154
-7.228179,1.9742006
-11.828742,4.2143674
21.455471,-2.6518095
-10.546526,2.0342119
-8.739292,3.562403
5.2341204,-2.6791213
-8.421009,0.70942295
-9.042708,3.0308385
-6.8480096,0.07611863
-6.3632708,4.679477
-5.866861,-0.61279476
-6.6733427,1.5846289
-2.6438267,3.853046
-10.081481,1.3079337
-5.4690213,1.9457548
97.861786,66.6696
-6.543543,-2.1442752
-2.0613852,3.8848815
-9.864375,2.5146382
-6.7347336,-1.8250059
-7.5186086,2.4646869
-4.749908,1.3282723
0.5416024,5.1224065
-4.452081,-0.565804
-7.0587764,4.145789
-8.069629,-0.5981882
-8.141739,-0.17294474
-7.978542,3.5281715
-10.411835,2.5576928
-7.035717,-0.11797592
-2.6171737,1.746825
-4.0810466,2.0335462
-4.131418,-1.1824448
6.0363,-2.609435
4.44074,-3.2986653
1.9486997,-10.056813
-10.040475,3.8342087
-0.5511397,2.0094626
-10.2903385,2.9124565
52.095463,-34.58941
-2.7316601,-4.8566127
-7.9332843,3.2947037
0.6791263,-0.607018
-9.14891,0.84394693
-8.148372,1.7147762
-8.729138,0.73248297
6.103396,-1.0590057
-3.0354965,-0.53333455
-7.292004,1.6094003
-4.3200374,-1.3788449
-0.113617785,1.0255758
-5.6086965,0.3891072
1.2657107,-4.5637503
-4.4405184,-2.6910315
-10.761964,4.338713
-6.0221987,0.07184398
-9.836049,2.7369704
-4.9759436,-3.7581806
-6.1562886,2.6561005
-5.0588894,0.6790769
-11.461005,2.4497733
-6.373199,-2.3557339
-11.428114,3.7235622
-9.454441,3.0378458
-5.5349517,2.599068
4.752883,-4.770958
-8.295078,3.2371097
-8.773141,1.8774998
-7.6348686,4.2092233
-3.4884295,3.9531543
-1.0414032,-3.255206
-5.285278,1.0835366
41.930004,-37.514183
-4.187701,3.8046756
20.68355,-5.512062
-11.068893,2.4284685
42.30249,-44.528717
-0.6652574,-2.0812464
-4.192626,3.0946348
20.668522,-1.2373891
-9.532854,2.4533653
-8.183466,2.4688733
46.823784,-15.252496
-4.6331573,2.2753656
2.2884011,-0.19455129
42.97844,3.5112264
6.507422,-10.424074
16.285458,-12.639301
-10.163748,4.094339
-5.866008,2.7009306
4.478871,0.14523068
-9.87355,3.9092305
19.403763,-13.029614
-8.537012,0.9444648
5.8200464,-7.7786803
-8.089187,1.2265838
-9.180133,0.17830373
-8.034943,-0.2518281
-11.894274,2.8294694
-8.044293,1.9474666
-10.659702,4.310851
-8.576297,4.270786
-6.691472,-0.25777298
-8.828318,3.2033098
-2.604688,4.394249
-8.015434,-1.0611455
-5.294233,4.3883214
-9.535026,1.5639086
27.115477,17.19233
-4.110946,-0.7404889
-3.7447133,4.765145
2.6084688,-6.032175
-0.043647204,-5.7746286
35.41058,-8.343267
1.6234674,0.8162
-8.307219,1.7935809
-9.426614,2.9601986
-7.135506,-0.5207167
51.15181,22.40221
-3.3153257,-0.8408978
-9.714141,4.4671
-10.418888,3.0552018
-4.210769,3.3137205
-0.46401942,1.9383781
-5.9389725,-0.7271749
-12.08011,3.0212066
32.225567,21.960403
-4.6146426,-3.965745
-7.9858255,4.709777
-2.4943101,2.1953726
0.6732372,5.717715
70.01581,55.021175
-7.6368613,3.5324848
-5.081878,-5.954135
-1.8496411,0.34329736
-8.313724,2.3650794
-3.2632596,-2.0112472
1.9949399,-4.879174
-3.648616,-2.5773766
0.26833853,-2.8603072
-12.55163,5.131443
-4.2722673,-4.8018775
64.32821,-0.7449293
-3.6549015,-4.278147
-1.9521726,-4.6352854
24.470171,7.9299684
8.422918,4.209671
3.413609,-9.487068
-5.40475,-1.1367375
-5.5772295,-2.0796144
39.156452,-29.490957
2.5643115,-6.4689493
-7.9992447,0.925986
-5.6704006,1.3748415
42.601788,-7.228306
-4.4267855,-1.2372725
-3.9596677,0.3991138
-8.480416,3.243988
-8.133134,1.68954
30.404823,2.6747663
50.26034,3.5421488
5.016942,-9.158307
-11.502161,3.1747494
1.2492446,-4.888693
-9.673513,2.7404702
-0.2354569,-0.6221413
-3.662133,-3.8505535
3.782962,-6.1890116
4.394683,-3.8004286
-8.015256,2.176593
-5.7134533,3.040735
-12.977801,4.3665447
-11.067666,3.9320295
5.325979,-7.0719466
-3.5400243,-2.6331265
-5.3023014,0.39942715
46.2577,-7.7578096
-10.827039,3.2970693
-11.177863,3.5919452
-2.6851559,-2.4621682
-10.261174,1.5136845
-8.233417,2.2286208
-7.5901384,-1.5272301
-4.561899,1.8066653
-0.86701703,-1.5121418
14.734435,-13.611669
-4.0232644,-2.6725183
27.66888,5.3838534
-6.90291,0.3833363
-5.3717766,1.8825784
-9.28394,2.0077052
-9.563013,1.2788179
1.0450292,2.5266483
12.976139,-19.819395
-12.099767,2.5103338
-10.549259,4.569128
-8.114212,5.0788293
1.3148024,6.419962
-1.3376629,3.9768252
6.5526123,-1.1440132
1.1544638,1.6588944
-6.542162,2.4064527
-6.5331345,1.1593652
-7.758026,-2.6333287
-4.033414,1.4261945
-0.20676704,0.3909242
-0.42756197,-4.5713177
3.7172976,6.0222583
20.457197,-22.142296
-9.732344,5.3503065
-10.381085,-0.48627254
-8.4533,0.5579698
5.11074,-4.8321257
-9.232403,3.2926347
-4.5639324,4.970667
-11.089213,2.8553889
-7.7844086,2.573162
-7.5090575,1.1076665
-7.5904784,0.5101186
-8.086108,2.5013642
-10.247211,-0.3377485
0.93365276,-4.4433446
-7.831688,-1.8256848
-0.13861279,6.192436
-6.7584295,1.9506059
-9.622641,1.4903945
-7.4128957,2.5542588
12.169767,-4.2961483
4.5568104,4.7281165
-4.7680755,1.205148
-4.4843607,2.4788978
-4.247333,1.0305243
-9.733855,3.0545
-7.011989,0.93316877
-7.094518,0.8615146
-4.3524895,-0.34936744
-7.226106,-0.87184614
-3.6175532,-3.3896832
52.05308,31.186115
-6.8600073,1.1110498
20.998014,-20.984957
13.175971,12.133282
-4.636389,-0.08890023
-0.79371125,0.2608185
0.09103058,1.8231223
-8.3826,2.3460293
-0.43770826,-0.46834898
-5.9379725,1.0161653
-8.093832,2.2949686
-10.89733,3.6475186
8.9414625,-1.9942923
-11.515745,2.4118214
-11.140587,2.8245046
6.67188,-0.69638526
-2.4551423,-3.7574685
9.997055,-0.56636703
8.42793,-6.010782
-4.707873,4.4510784
-9.949406,3.7083392
-1.8368694,-1.3814266
-3.471388,2.5668485
-5.5721226,-4.6054597
-1.1613526,-1.5179993
-9.639672,2.6557992
2.5033765,-2.649994
10.59499,-9.538567
-3.2048056,-2.575462
3.171458,5.7805386
-7.047871,3.0134115
-11.430839,3.289067
-6.2244954,0.49992594
-4.6267724,1.6384363
23.797379,-26.07692
-7.720066,-0.028903777
27.404617,-30.472328
35.22637,17.667707
-10.256235,3.7076747
-11.437989,3.3208513
-5.350791,-0.21968946
-3.851889,-0.21977058
-2.2713227,1.0882065
-2.1078715,-4.283438
6.214447,-0.9205917
-7.8203344,1.9160749
-5.2723184,3.415438
-4.5908217,-0.37703985
1.3376296,-3.4256985
-3.5264432,-1.5322094
-2.4544356,1.0135107
3.4433296,-5.218979
28.683552,-3.7508454
-9.604505,2.3007617
-9.05479,3.1080067
10.199676,5.457937
35.218445,29.214926
-8.336696,0.19025505
-4.1500893,-1.1334713
8.401463,-7.3862243
58.814568,-2.3056257
-3.9897628,1.9139475
13.169241,-6.4258265
-6.3785625,2.8665705
-3.3147495,-2.7620263
-7.694368,2.9616132
-6.263246,2.951585
-6.869148,-0.8394969
6.546707,-7.6123824
-11.372488,2.8123713
-0.452957,-0.7807705
-3.6760097,1.0349038
-9.996737,3.4384031
-8.5713,2.8298151
-3.5011988,-1.117216
-6.9645276,-0.7063251
-9.230711,-0.38904554
-11.473387,2.2154615
-11.09877,2.0923367
-6.1496415,5.393632
-2.8737557,-4.5753245
-4.5599384,-2.1319451
16.346888,-2.881128
13.570704,-8.501648
18.482662,-21.464844
-4.5017066,-4.2945027
-8.224308,3.3660097
6.471537,4.9709635
-8.421918,-0.509504
6.040605,1.3369161
-8.023443,2.6492424
11.93415,-18.737919
22.692406,-12.7764845
-8.1484,2.5711932
-11.346522,3.4530942
-3.9317992,0.98434556
-6.314207,2.2046013
27.531115,-24.657688
-8.566044,1.7501851
-7.381404,1.313857
8.463876,-0.47538048
-4.615862,2.0383897
-9.348347,2.9176843
-5.6034656,-1.3611798
6.8340707,-1.6169726
-6.9848475,1.7758962
-9.412755,-0.013699652
-1.165393,0.64227134
-8.814122,3.2801757
0.9610895,1.6628132
-6.632027,0.5307626
-4.092774,-0.43875244
-4.6924787,1.9146713
2.57024,-7.7811804
-11.745234,2.966711
-1.2521795,-1.4427841
-5.886973,1.5526714
-6.4313626,-1.9773319
18.099955,-14.741409
-7.827665,2.797155
7.1371584,-14.339747
-3.0067804,-0.6277912
-8.988687,5.108656
10.191796,-4.4050474
1.0284806,1.7693235
-4.644265,2.6927478
-6.3114557,1.8743174
-7.774163,2.096373
47.08348,-3.2959704
-12.289779,3.8309894
-7.8516035,2.8406868
-10.407987,3.9092095
2.7600265,5.471334
-11.197724,3.4344885
-10.291317,3.3099024
-7.371078,-0.09676346
-8.112861,1.5018978
-3.9266584,-2.3744345
-10.9510145,3.706895
-11.536877,3.1888533
-7.3188353,-1.8312052
-5.8970857,4.17545
3.2019827,2.6279166
-6.5554166,4.917297
42.585815,24.738157
-3.7333446,5.3581095
-3.7398818,-6.9194074
-9.716061,3.938982
-0.079211414,0.5425929
-9.829607,2.200334
-8.805539,3.5466669
16.633219,1.7703362
1.9252877,4.451589
4.2483993,-6.8485274
-6.6426954,2.268911
-5.4076405,-0.4780686
-6.165978,-1.8474772
-8.209172,1.897063
-6.3286285,-2.1278117
33.7421,-14.400114
-7.326023,2.6504285
-10.055797,2.9226048
-8.386492,1.1753529
-6.144061,3.03871
-5.623669,3.5119197
5.047134,-8.747915
-11.750358,4.09325
-0.15903513,-6.3651443
-1.1348437,3.6798263
3.331457,-1.3758868
-9.683878,4.5332174
-7.0624037,-1.8587922
8.190837,6.8580084
35.41774,-17.301022
-9.88316,1.9874946
-2.119196,1.7677726
11.522608,8.237249
-9.157628,1.0083852
7.5771866,-8.473403
-7.53363,2.884228
22.28813,-22.3729
6.6805334,15.418061
-8.187329,3.9347408
10.7753,-11.122493
-9.086553,1.192644
35.14295,-32.375988
-5.640204,0.8392007
-8.078889,3.1691332
-9.2191105,4.101673
0.09030941,-0.5915207
4.1272073,-0.15038306
-6.306679,0.266168
-5.7294207,4.4136233
2.157679,-5.717172
11.016281,-8.970353
-3.9735193,0.6492446
-11.183727,4.014292
6.448541,-3.352866
-9.214992,3.7410443
4.7028885,4.4509535
-6.5857487,-1.5601575
-8.92314,1.1714828
4.092775,9.11187
-10.266675,2.8770006
28.613173,3.6520789
-8.987674,2.8952057
-9.516296,1.0610216
-6.3014975,-2.3770878
-4.1241384,-0.15208241
67.43263,30.661299
-11.453855,1.9287369
-11.952979,3.0613124
-3.2672107,4.4093356
-1.0785282,-1.5926808
-7.022683,1.2344946
-9.436781,1.7481264
-9.145156,1.1972826
-1.0813555,2.2588835
-11.40544,2.6418073
11.353202,-16.267162
-5.5665927,1.6526757
67.29925,63.033554
-10.516658,4.186152
-11.606159,3.1615798
-10.38401,1.3175017
-10.620294,-0.22403258
-0.1077322,4.1164355
2.4838796,-9.559035
48.08701,-22.79225
-10.08715,0.94958234
-10.047316,1.3431507
30.645418,-18.486904
-6.2373734,4.319981
-7.4916368,2.2497218
-0.2523748,-2.0687478
-7.8246408,-2.1488028
-11.11476,3.3333974
78.41736,42.867393
-4.868114,-2.8922553
-10.819149,3.0225828
13.918554,1.2783352
8.280471,-5.554316
13.946778,-11.455998
3.1647098,-3.238232
-0.8400341,-2.292086
-5.444112,1.8529177
-5.7986937,-4.627875
-4.04353,2.8967102
-6.5246224,2.0864193
8.126431,-3.8922
-3.6679194,2.7433338
-4.443459,0.7704935
-7.4602165,1.0467756
-9.262175,3.7675378
-12.163156,2.9605777
6.1826763,4.581982
-8.181951,2.425874
-3.4758828,1.6692072
-8.545109,2.7236629
5.311946,1.4068764
15.549397,1.7891674
-5.0031486,-1.2318623
2.578885,-0.5846897
-6.4068327,4.2459407
2.0146801,-3.532358
-7.225239,1.8249556
-0.75898904,-4.7096252
21.502832,-13.218346
-9.306605,2.3634741
-9.613439,4.1028585
-6.847436,0.4842606
-8.25106,1.5098329
-4.648482,1.4551519
-12.828701,3.4777648
-8.8531885,4.592555
-1.3970824,-5.6325293
14.819138,20.64752
-4.3756857,3.3177829
-5.140819,-1.5418451
-4.6262803,0.08959248
42.267567,-38.763615
-10.281625,2.3025832
-5.986241,0.087501846
-6.992421,0.76936084
-7.4729924,1.5017259
-5.441575,-0.55237836
-10.792741,1.923593
29.099516,3.887518
51.829475,-16.800169
-6.085939,3.321437
4.2337265,-7.9526114
-11.8624325,4.712139
-12.547264,3.67595
31.25511,-26.71778
-0.412063,-5.4457917
7.130376,-2.0273845
-2.4210267,-6.9688897
16.445238,4.0048113
4.4509945,-1.1780276
-9.218374,3.3544877
-1.0708562,2.482946
-8.373016,1.614193
-8.57708,1.4082849
-4.8989697,-4.9744616
9.933468,-10.599175
1.3331528,-5.738675
8.672623,-9.535965
-9.573655,1.296013
-10.188505,0.6309127
-4.243671,0.87029266
-0.82440585,1.9713418
-0.86340904,2.1658194
-3.2959557,-5.074111
-6.7953157,0.6667942
3.7813842,-4.1742573
-8.946732,2.0030339
43.817997,-2.984004
-3.6382887,-2.1234229
-10.311942,3.632552
0.17066213,-1.3359216
-13.186101,3.817281
-4.890933,9.937888
1.5579888,-5.0416613
-8.35904,0.6474145
36.90032,32.88086
-12.188275,3.2267914
-2.206261,-2.739286
-4.1088395,-0.4061304
11.139957,10.060411
18.412687,-5.5008607
6.4977098,0.9354456
-13.000559,4.0196543
-5.5641127,-0.04333605
-1.9006934,-1.5544652
3.7677755,-9.37124
5.7378507,-5.621447
-5.2652016,3.2360525
-7.591752,-1.028012
-1.3952317,-5.166097
-9.759391,2.5308359
0.1984736,-3.879932
-1.4017763,4.259985
-3.3783233,-4.2088466
-9.9642935,1.5438024
3.7100322,-2.621544
-8.432623,1.7895048
-7.242946,2.1306677
-0.5845952,-0.92771995
-3.9247627,2.528567
-8.497634,2.3472598
-10.448716,5.6375422
32.363804,-11.076169
-11.0602665,2.4287055
-8.908847,2.3219798
-11.201381,3.6307142
6.6556783,-1.9052914
-9.651262,1.8186917
-7.498857,0.45573267
-4.4753895,-2.6450772
-4.8796396,-0.35528627
-7.562662,2.4494836
44.818356,-26.472345
-9.090359,2.962966
0.8489195,-5.482908
4.933217,0.8013073
-9.171578,2.4102662
-10.523085,2.4330983
4.348834,6.550136
3.9349673,1.7861431
87.2824,54.35226
-8.25513,-1.0640599
-1.7362714,2.5130954
-0.45221272,-8.186723
-7.4542437,-0.40120935
138.90862,82.46517
4.454511,-6.046194
0.46100077,3.1203284
2.461046,4.7939086
24.78787,-18.058363
1.9166129,-3.534287
5.859659,-2.7553499
-9.312876,1.3275813
-10.275389,1.6852148
-8.508242,2.7267728
-5.109892,-1.1697295
-5.1946697,-1.6821884
24.725014,-20.320326
-7.606842,1.0209888
11.736068,-3.292687
-9.419992,2.1417058
-6.9758887,-2.6873958
-9.087442,-0.11090494
-5.0263033,-3.150346
18.488253,-15.447478
-9.073481,4.8436112
12.451847,-12.685652
11.177721,-0.5866992
-7.019654,3.4071014
8.72424,14.548709
-9.675796,3.9812522
30.205334,-29.000206
-6.3159685,1.758085
-7.721957,0.5821128
-7.6964335,-0.5132479
-7.528275,0.63986826
-7.562255,-1.100569
-5.2364497,-0.14047024
-6.0822496,1.1709269
19.831087,-12.913447
15.255445,-0.34015656
-3.5327995,-0.097009
-2.7676284,-0.57312685
-6.743415,2.9051518
20.741589,-8.101465
7.9052696,19.481718
3.0951388,-4.6508927
-8.2353325,4.855581
36.384277,7.9019356
-7.612166,3.3422942
-12.480356,3.0729167
-6.0040894,0.5527138
-4.3352957,2.9985533
-0.330666,-4.773438
-8.045462,1.969948
-10.348937,3.9708865
27.76306,-2.1300576
-9.936455,1.0454736
-8.39698,1.2040126
-2.9460616,0.6198638
9.037729,0.86185616
-3.3523338,0.5018264
-1.6122755,0.12931137
-4.0281506,2.8880496
-10.86819,2.8578951
-2.971036,-4.1470857
-5.397079,2.0559554
-8.16897,3.5637276
14.571455,-16.420609
-9.016859,5.1715045
-0.39735985,2.7794714
-0.42276636,0.64023966
3.1338093,-9.624911
-1.707875,3.3873677
-7.7030168,-0.5963451
1.926929,-1.0538142
-5.47856,2.721804
-8.955118,2.6131327
-7.376615,-1.770507
30.557064,30.781662
2.2091882,2.466564
1.9397849,-5.2376714
-2.3270733,-5.8271427
46.305664,-41.684628
3.3226058,14.494217
-10.282905,3.1848729
-9.242424,3.5895393
-2.7776735,-0.031085195
-2.2034922,-2.3271556
-5.0230455,0.80108595
-5.624083,4.662108
-10.406721,5.9506674
-6.0335307,1.924643
-10.193783,4.386981
-4.2293334,1.9925814
-0.7612835,-5.9560237
-10.899398,1.3355268
1.9208701,-1.0887283
2.2031996,-5.3214946
-3.8909788,3.2454844
-9.135606,-0.2601955
-8.0025625,2.349646
-2.1322634,-6.473441
2.0223231,-7.7179713
-6.7537613,-0.06092531
20.664892,7.7910104
-9.142751,5.6550283
6.6030083,-0.2612288
-6.482284,-1.423583
-5.5015416,-1.7647598
-10.26656,3.3845556
9.326788,-7.036079
-1.514467,-0.16217571
15.675008,-18.399473
-6.351784,3.0011704
-4.7500353,-4.584175
-3.7760327,-0.07378503
-10.458474,2.817609
-1.171111,-6.2289605
1.5217075,6.736865
40.559082,-24.555191
8.798747,-9.888993
-10.589187,2.9535406
-7.9960203,2.0463457
1.691813,-5.196242
19.416075,-14.786378
-4.4292397,2.8406882
-5.8497705,3.9067934
-6.687766,-2.4442437
-12.252525,3.1040018
2.5745695,-9.612751
-10.872558,2.2641861
-7.32982,2.0094407
5.186273,4.450126
-3.9864783,-2.9793043
-1.4387888,-1.8860959
-5.7793055,1.5176991
0.7329101,-0.27331105
-11.55122,4.454653
13.893068,10.991163
2.902725,-6.174849
-0.84167147,1.3791618
-7.8028655,1.9499005
-10.460036,2.4783046
-8.73778,1.7725668
-10.519404,3.0890656
-11.904184,3.101377
-5.3931894,4.281172
0.15714121,-6.0073
-6.6178737,3.29923
2.3105404,-9.819137
-4.801334,-0.5638374
-0.695757,-5.1853685
-7.7020802,2.6209745
62.005962,14.233091
-9.559246,2.6908457
-5.4444795,2.6209755
-9.1458645,1.7034681
-4.23758,1.4873258
-8.642312,1.0924022
6.4649096,-8.444733
19.083096,-8.869861
-8.990215,2.812609
-7.496064,0.85541636
-10.584709,1.9273297
5.4736347,0.5062653
-9.8323555,2.0703435
2.7015276,-4.3191004
-0.28211832,2.12037
0.7045283,0.24257532
-11.025251,4.2806206
16.542719,-3.4171603
24.860111,-20.540937
-1.7500113,-3.051616
-8.454203,1.6780443
-8.4137335,4.5992875
17.830835,-14.700062
2.5307474,-0.5400451
-2.086849,-3.4701946
3.3275368,7.4793634
-10.761516,4.69094
-2.018398,1.8600042
6.0132017,-5.9727535
-3.4266627,3.4847248
-8.8893175,1.8181051
-1.9037169,1.5380306
5.051151,-0.29623553
-8.6802,1.9178436
12.147793,-7.303289
9.494264,7.258621
-8.776607,3.488185
-3.623854,0.691214
-8.06981,1.8661501
-8.780846,0.50393057
-6.6496854,0.2136089
88.85631,67.57636
-10.698937,4.184404
-2.135302,-0.15275086
-2.278137,-3.5946434
-7.156593,3.7436066
-4.193118,-4.3076572
-3.750845,-0.83670956
-9.330283,2.3474767
0.88595974,-0.6838632
-3.708289,2.8091598
0.25495294,3.4404428
-4.0341477,-2.872919
26.687704,-18.920155
110.186356,21.372322
-7.714598,1.3841537
-4.917362,0.8377092
4.051855,5.75582
33.23022,12.605368
-3.5214858,-5.646147
76.55753,14.049376
-8.657348,1.1744919
-5.766376,1.0894891
5.2861156,6.5678315
-1.2201195,0.9006597
-11.069178,2.8916934
-1.1371664,-4.5463777
-10.873483,2.1273212
10.463263,4.1886096
-7.5578294,1.1312852
-12.757365,3.8287637
-10.057841,-0.4181794
-0.1984199,2.048238
6.0498724,-7.092892
-1.0792941,6.0040708
-9.759121,2.0993483
3.0087905,-7.270502
4.6670666,-4.4835677
-7.4802036,1.5909925
21.741423,-3.1638708
-9.53459,4.242391
-9.971489,1.5848356
-2.929513,-1.4897823
-6.7942963,1.0197746
27.942509,-20.196268
4.596129,-7.592445
-5.098864,1.1546646
-10.366422,2.7829938
36.963547,-28.609531
-0.43535346,-4.716396
1.1153601,0.25273138
-10.661506,3.9829712
0.977433,-1.248322
-2.821648,-2.8191917
-10.4351635,3.5139787
-7.0319014,0.7073295
-3.0027971,-3.2681267
-9.259383,3.7007759
-9.671857,2.4576972
46.46712,37.998184
-11.720217,3.9769695
-9.990614,2.2396069
-7.748871,3.994589
-8.405425,5.104351
-11.231713,6.157113
7.0506954,8.507164
-7.4101624,0.15990765
-8.707973,1.1057832
-9.959967,1.500281
-8.105087,2.23929
-7.5835967,0.15330824
-5.08121,-0.31996676
24.384115,3.0069792
-8.069545,2.0597968
38.641975,14.206383
-6.199975,-1.6447362
-4.1664,-3.0379903
-9.654131,4.824283
-10.441438,3.3551137
61.774323,-18.277311
-7.878061,0.096553616
11.770106,-2.80073
-11.888579,2.9332106
-7.4796724,2.2438881
0.4730104,-5.251736
-1.4073492,-2.8047636
-12.073053,3.7881038
-8.566104,2.7923424
5.07713,-10.105929
-10.682258,2.7004204
-0.75004816,2.970097
69.12997,-35.727406
-9.7132225,0.42336765
-3.233407,-0.49714753
-1.9458755,-3.363197
-7.5284033,3.2938423
-0.3218954,3.3007107
-9.484585,0.99780166
-3.732183,-0.30250365
-10.560191,4.704003
-8.138394,1.3906502
-9.112501,1.3674284
1.1540014,-3.9256032
-10.182104,3.4635715
-8.160452,0.8023471
0.375885,-0.2665412
-3.2342014,0.46732068
-5.477637,3.7925034
-9.63139,2.377764
-4.58301,4.1262326
-4.968382,4.961946
0.37425435,0.38975778
-0.23486139,-5.138313
-2.7085707,5.234863
4.8997793,-4.097695
-7.163869,0.8189385
-7.727727,2.2366498
-7.824096,0.7031504
12.514319,4.1611333
-10.179415,3.2545943
-5.767581,3.71314
1.970724,-4.1409035
-12.050311,2.6181297
-10.747121,3.3752463
-6.265951,1.0077652
3.261554,-1.9557253
-9.218447,1.7185402
18.61736,-20.576841
-1.984022,-0.34116337
0.16451347,-1.605488
11.679984,-13.75759
13.384878,-12.117072
-8.688922,1.7143408
49.825146,14.209416
6.093804,-4.2866454
-9.578234,3.1601644
-10.423174,3.3810883
5.4997406,-9.568806
7.7758327,-9.033654
-4.7652874,3.865837
55.523655,-22.168617
1.4269345,-4.1937213
12.265943,-3.5003674
-6.3395944,-1.1371423
-4.0498953,-4.1402564
28.409729,9.791707
-11.926651,3.9827962
-6.414018,-2.4822836
-2.1549165,-1.8820527
3.2231631,-7.610308
3.0856016,-7.807113
-9.000469,1.3083028
-4.9387736,2.357381
3.4965835,-4.935967
-8.793728,2.069359
-2.1521246,2.461593
-0.9364551,-7.5783944
18.669256,-15.69684
-8.518883,3.7970188
-4.5583997,-1.3696815
-7.1896777,4.2423167
-8.053988,0.7287412
-0.19011615,-4.294178
-9.623017,2.1218219
9.95983,-8.617265
-5.346622,-1.4736164
5.4403,4.0570507
-2.9414914,-0.645527
-3.0484025,1.6327976
-3.8850296,-1.6801383
10.261938,-14.636674
-3.9792018,-2.8548205
36.75705,26.742502
1.0221452,-4.4514346
3.13584,3.6404765
1.6179742,11.652321
-5.99576,3.6698134
20.344437,-16.31614
-1.5539348,0.7472533
-2.219679,-5.79616
-11.561802,4.5079737
-6.135608,1.1276321
5.635789,-2.9946358
7.4497733,-5.84625
0.5252691,0.52115554
-6.8770766,2.6670587
-0.022780899,-2.8762667
-9.93961,4.735064
1.1021578,-3.6144953
9.101646,-6.3421316
13.278351,17.819828
-8.044799,2.6522856
-6.168311,3.8578622
6.786297,-2.8780677
-1.0122902,-8.609529
-10.980334,2.4616082
69.497116,31.79142
-6.9747434,1.3478295
1.6518066,-4.715182
-10.500193,2.168707
-6.309187,1.8774776
-11.32726,2.1057303
-6.128644,3.3036711
1.0081859,-1.2894254
-8.822196,1.9796196
-2.9693558,6.8623476
-5.3334136,2.3806868
21.706762,-11.041044
9.671897,-13.090968
-6.1694727,5.2857375
32.899685,-13.645707
-8.814048,2.214368
-4.603853,-0.34342158
-5.1900554,-0.53736305
20.009745,-9.206917
-1.8005123,-7.6645
-5.7828345,0.14822343
-7.713536,0.2842663
-9.616154,1.631288
-10.386121,3.6491742
-11.805113,2.4725165
-8.665035,-2.4455297
-9.071202,1.8981636
-5.0760884,4.0559464
24.771467,21.50553
-2.8226352,-0.27050924
-9.404808,0.56618404
3.7106268,-0.38975897
-10.382098,1.7783179
-11.8757,2.6417468
-9.883471,3.4705265
-8.531827,2.7329245
65.786125,-49.942074
7.979744,-1.1697683
-7.5628667,-1.1836816
-8.048681,0.73890173
-7.949256,2.9064465
0.53005815,-3.4722362
10.784667,-6.3457456
-12.557879,2.9513073
-4.874046,-0.7423143
-5.2841697,-2.0558834
-4.755962,-4.135466
-5.5950413,1.8798326
14.669648,-6.638812
-10.606057,1.6257555
-3.7091696,-5.352583
161.20181,-24.55511
22.731674,-23.64174
-3.505653,-0.858573
2.7199774,-9.616162
-8.724742,0.03936085
-0.3013523,-5.1394434
-3.1428657,1.1319416
-10.653438,3.6256936
-10.058877,4.3880343
-8.414025,1.7864132
-10.991672,2.5608191
-5.2314715,3.021314
-9.327363,-0.20782672
-8.103996,3.3927574
0.22207735,-1.4600518
-6.829042,-0.3182923
0.3546666,-0.21442536
14.993276,-2.755343
-6.692217,-0.39918494
-3.5896418,2.0616875
-2.3525364,-0.2268532
-7.4725833,2.2945151
1.7377278,-4.374635
-2.1376345,0.27433017
-2.88899,-2.4465797
-11.283226,3.0800157
1.9260657,1.2365549
-3.202924,1.0554575
-2.6245465,0.49073404
-5.533926,2.9181027
-4.8945403,1.674063
-8.260316,3.8644738
1.312009,-1.832479
12.371719,-11.504882
-8.3349085,-1.2042222
-10.735151,0.54907006
-8.995229,0.6691146
-9.97124,3.6895654
-11.805313,3.04191
-1.2944472,-3.85001
-5.216774,2.1970363
-10.66881,4.3939238
-6.795224,0.7224284
24.488255,6.310797
-8.831413,2.0448415
-6.2310467,-0.17579535
-5.143294,0.416601
-9.682456,3.6894255
17.155102,11.400348
9.420297,5.2674766
-6.773416,-1.1147995
0.97643167,-1.6029338
29.726063,-20.934607
-9.096984,1.7133969
-3.3250546,-3.2745929
-5.512924,-0.8517903
-0.66939014,-6.3593473
-7.410205,1.8095975
-7.2271066,2.4624994
1.5755942,-0.9108926
-8.061304,3.9234478
-9.219679,2.9379623
-1.4013455,-2.8342445
-11.576143,4.3747954
1.0581948,-8.921296
6.0299296,11.687345
-2.445355,-4.0684147
-8.409671,3.5313835
-0.14445403,-1.2787305
32.389103,11.118059
-8.130352,0.7427582
-10.729715,3.5500307
9.902202,-10.281483
-0.48634687,-2.5708241
-7.694336,-1.0123184
-4.6158304,-3.5084095
-7.6467204,-0.41592526
-2.0051446,-5.1943483
1.3378786,0.033643134
-10.352525,3.0576842
-7.7843857,0.6390313
-8.187274,2.49631
-1.5642589,1.0123103
111.27646,11.929793
12.601096,-18.190197
39.745716,-23.584146
64.00625,39.37617
-7.2869616,0.73130596
-4.338745,0.72382706
-5.275282,1.1168921
-10.026777,1.5128477
-5.8148417,0.87136555
-3.0957348,-2.2048242
-5.784945,1.2610604
-6.416298,1.3376303
-7.7571416,2.8782818
-1.7324001,1.5870684
12.422233,1.3879733
-1.1581,-1.3376456
1.0288894,-5.611045
-5.9013596,5.1484795
2.7023504,0.5123422
85.070404,67.75917
-10.972813,3.0734084
-10.324389,2.9051328
-7.8314776,3.8337345
9.371871,-6.4919643
11.109865,8.661564
3.8154616,-9.579482
-6.4527416,3.0749109
-6.38787,1.28642
-0.7831982,-2.962407
-8.53418,0.04238948
-0.9699175,-2.0507925
-9.642051,3.5832844
-5.469019,1.5036975
-2.8090434,2.3882093
-3.8165333,-0.15890534
-9.257579,2.9579377
-7.636285,4.7407656
0.42449805,-2.5489135
-7.7788706,2.4150548
-9.073303,3.47271
-8.9004135,4.4145293
-4.6608825,8.673814
15.156354,-11.188149
-2.353278,-2.4104605
-1.5182543,0.37459937
-12.087819,3.22586
-7.344608,3.0321317
67.69037,26.842611
-4.2290573,4.1161537
22.557415,0.90825665
-8.656071,1.4828782
-4.3954186,4.877492
-5.535289,1.1302359
-3.2631192,-0.8975511
60.993782,-44.727776
-11.970961,4.012439
27.231436,-7.4012213
-2.786387,2.7335973
-3.4692945,-1.7778885
11.2655525,-1.7436806
-8.876678,3.5555649
-6.270484,0.1390098
-11.330345,3.8565235
-4.0167165,3.0804245
5.9665813,4.028723
-0.39146048,-0.7593407
7.5858493,-6.3515453
-7.693992,2.842225
-5.073922,-1.0140481
-8.050805,5.102901
-6.793855,4.7483
-7.387254,2.469627
6.593774,-8.489762
-4.272598,-0.064064085
-4.6040316,-1.8976568
-8.313747,3.4808495
-4.6896715,-0.21803224
-7.667027,0.7602915
5.6967826,-4.035764
-0.6160713,1.4315104
-2.0521457,3.6798086
-4.487916,4.5453043
1.4841172,-5.4988494
-12.21222,4.350873
1.4889634,-5.9988585
3.342737,-0.9027542
-6.329552,-0.12773654
-2.1293218,-1.9819047
7.2545457,-10.81666
-5.867079,4.4769883
-4.8752475,1.8072673
0.17405324,-3.7000632
-4.585366,-1.5889355
16.17205,-19.802446
-0.8166155,-2.256706
-0.09890221,2.3798437
1.7824328,1.2923949
-3.551741,0.82895476
-8.469081,3.8065138
-10.584055,2.2658744
-5.82099,5.603617
-5.0024276,-3.2051086
46.491917,-31.133265
6.256788,-11.541449
-9.279369,1.2066356
14.807549,-6.53572
-3.4542453,3.0450864
35.18803,-27.482174
-8.699864,0.9466707
-3.9363008,-0.44960466
-2.8985338,2.7690976
-6.7626343,1.0432408
0.8189409,5.0255775
-6.442957,0.68483764
17.17819,4.9568973
0.294636,-5.8844013
-10.076868,1.2026682
6.068893,-4.980059
23.338575,12.756892
-11.522081,3.3803003
-9.000492,4.8673143
-8.792139,1.5763652
4.4024725,4.5166225
-1.1480453,-0.014702242
-5.112582,-0.57495683
-2.2914603,1.7479753
27.666899,-25.231329
-7.6858196,1.5714147
14.196343,0.61294496
33.667065,28.642267
6.9605165,-10.865778
-1.5734016,1.5412939
-6.7616177,-3.623277
-10.476906,4.8213677
17.366682,-0.03879358
-5.5344043,2.686053
0.68395793,1.3259369
-6.179681,-0.7392689
-6.4965267,1.0221635
-10.665644,4.592033
-3.0264857,-1.9036158
-9.450446,3.2424314
-11.7406435,4.33279
-9.282161,1.6560875
-8.51466,3.6839497
0.49983767,-1.2668469
-0.891081,2.0172946
-6.9517303,2.2454267
-10.972792,1.3309863
1.9193748,-2.8959792
-7.666149,1.8808318
-5.594637,1.0652121
0.3087271,4.919559
-11.542776,4.535213
29.3511,6.1387854
-0.90281,-7.040667
-9.224486,2.0040514
4.6131916,-6.6972218
-4.1574225,3.5967193
21.417095,-4.6100144
-7.306055,1.5672078
4.80408,-12.083719
-8.350499,4.192744
-7.094492,2.86753
-11.744009,4.7804666
8.22011,0.2366845
-10.872442,3.9859002
13.081674,-16.064386
4.344364,6.2022223
6.251988,-6.2260633
-1.3330433,-2.5051117
-8.8472595,4.1559753
-2.9871428,3.38189
8.256879,-7.666509
-8.005093,2.1729028
2.356648,-11.774244
-5.5832386,0.5558819
-6.833794,1.1678033
-5.878387,-0.38820556
-5.2545557,-0.16936238
-1.5342505,1.1781673
3.253982,-1.9212602
-4.87748,-3.675416
-11.149505,1.6202862
-5.8829474,2.3340757
-1.879536,-4.2630024
-5.2804065,-2.4401689
-9.0356045,2.7181995
-4.8675895,2.2745473
-6.953499,-0.73303825
26.84857,1.8441012
-10.513781,1.921611
-10.680198,-0.41009673
-6.4450893,0.89847064
7.5281835,-10.425828
-9.042252,2.5204644
-0.09894381,0.92621505
-8.473567,3.0288188
-1.6342394,0.54746217
-9.411711,2.4549487
-5.0478578,2.5816326
-7.8066335,1.1749238
-7.241554,0.29847968
4.1424966,-5.6706095
3.4864423,-9.117259
-8.077797,-0.76144826
0.8656505,-3.299571
-9.987577,1.325591
-2.4973402,-5.7157135
0.3046341,2.0312788
-8.078572,2.6888487
-11.4908085,3.5707166
-3.690925,1.8838712
-11.143897,3.8194797
-11.9628105,3.2034829
29.285423,-20.974583
-4.8121514,1.8683709
12.537695,-2.2054002
-7.4441586,2.5240335
1.4433925,-4.6529503
-1.0101703,-2.1090379
5.0393105,-1.7070458
-1.8558936,1.1514747
-8.818493,-0.47313043
2.2571259,-9.048613
-3.9223294,-0.10675931
-8.320349,-0.86250156
-5.092017,2.0129752
-9.047253,4.536204
-9.384078,2.5248792
2.3901699,3.3925521
15.028524,-12.867988
-5.359034,3.4078403
-9.200158,-1.0592586
-2.2345078,-6.636835
-2.9814296,4.4072566
-3.98762,3.526762
-5.8185825,1.3550678
-8.261897,4.6475143
-10.99589,4.4630833
-8.396665,0.6029895
-3.9930391,2.0988033
-9.794989,3.9859347
-10.728369,4.1892457
-1.9147135,-4.829682
-5.9871826,-2.4662504
11.66856,-1.487466
-3.5602949,-5.9045916
-0.9935679,-0.6339628
2.4864595,-0.14072421
-7.1476254,3.456736
55.45863,-26.504599
-5.265435,2.847743
-11.576548,5.080288
6.073662,-10.070771
-11.776069,2.5401177
-11.383429,3.5509763
-6.102471,3.2717779
-10.829047,2.2299023
-8.545417,-0.008341257
-11.15908,3.20496
15.9941225,2.3743188
13.804391,-4.252858
15.366558,-0.4840438
-11.261232,2.1097097
-3.8368335,2.5411346
3.3408892,-11.295784
-8.733817,1.598512
51.20573,38.543945
-8.231846,3.2894502
11.34663,9.075792
-4.62933,-4.793611
-7.7902527,1.2170569
-7.6688004,4.045567
-3.1266158,0.69734365
-0.8442323,0.72948235
-0.6254808,-6.6519027
-6.853097,-1.0684791
-11.996954,1.9519867
-8.467556,-0.032441966
38.240654,-26.118002
50.6904,-39.415035
-6.278348,-0.6297532
-8.93413,1.7380265
1.1122812,-0.33478466
3.503977,1.4848018
83.920204,-33.177734
0.35635692,-2.6376262
-2.75715,2.4953983
0.1570174,-1.8569727
-4.8904433,-0.82726526
-0.5950159,-1.3523115
-11.02269,2.9527302
-10.182885,2.456601
-7.970329,3.5524561
-9.02734,4.0137525
-9.962907,3.3711276
-8.68493,-0.40012667
-10.627471,1.90952
-7.744156,1.3669097
-8.24106,6.2625847
-3.637771,-2.0285943
-4.770922,-0.050034612
-6.573886,3.3120434
0.75213265,-0.23473968
-3.627241,3.9241307
-1.6703136,-3.635998
-10.888404,3.1725557
-8.873767,2.9934115
0.7319615,-4.6422276
1.1940118,-5.38162
8.157957,-14.04204
-8.183526,2.2638717
-5.3560176,0.13036188
4.7675595,-9.494121
-7.826984,-1.1307335
-6.2665443,3.2337577
6.7755914,-0.26591295
-2.6493757,2.5584083
0.5806113,-0.9318211
-0.81824195,-1.9233199
1.198002,-4.516511
-8.147162,2.346594
-9.394186,2.4999135
-7.873768,-2.1451757
11.190331,-6.620742
0.6571946,-4.4618173
1.24341,-1.5144314
-8.642114,2.3473198
-6.546747,5.438131
-9.119992,3.959121
-2.0909574,-1.8959529
85.23611,60.28074
21.475845,-17.652529
-6.0788426,-0.34552273
-0.11876798,-2.3723032
-8.871051,3.8003666
-12.062077,4.2461095
-6.3274603,-2.932462
-10.439408,2.9339912
-8.216014,1.952698
-3.3099434,-2.2029302
-4.7928667,0.34095496
6.007093,-5.2701616
-0.7737447,2.9014413
-5.572365,-1.5164882
31.361103,-7.6762705
-3.951937,-4.6961036
-11.077266,3.3733203
-6.968996,0.77545035
14.616054,-17.14231
-7.7794933,1.1755949
-3.2999003,-5.34211
-4.400261,-2.5847144
-4.1874523,-4.233355
-9.4746065,2.131595
9.205198,-3.313203
18.21016,-18.825531
7.5580864,12.278181
-6.104094,2.8117268
-10.914449,4.494866
18.083471,11.516496
-3.2812843,-1.561124
-8.180672,3.0230157
-10.94085,4.4461646
-4.37729,-0.86245555
-3.0489504,2.3097775
-6.197637,2.059768
-8.116543,0.4981451
11.102143,-10.552141
89.54206,67.39189
60.758156,57.22591
10.280763,-13.671584
66.65564,21.125973
-0.23834668,0.2082889
-8.747362,0.9385231
-0.5523046,2.2732096
11.365619,-6.6897354
-0.9114534,-5.6894736
-0.26745057,-0.5852807
-2.787927,0.82269996
5.1617026,-9.523215
-10.28272,2.495576
5.0910974,-2.0871496
-5.5448318,-0.9620201
-7.1115026,1.6744561
17.515974,-4.5946693
6.309528,-7.9897604
-11.79967,3.7343416
30.132376,-23.793903
1.6835389,-0.4477824
-11.239971,3.3635082
-11.215809,1.5601108
-6.96154,5.043007
-4.438212,4.4662275
-6.1164575,0.33676788
-9.908276,2.0157266
-6.921339,0.9075421
-11.938534,3.4979053
51.115612,25.214396
6.978737,-2.3052483
19.081379,12.449269
-7.4399233,2.24915
-7.499256,0.077793896
-11.1567955,3.8387291
-3.8869834,1.3408058
1.0021256,-6.2035875
-0.5890525,3.9303377
-7.0446043,3.881678
7.402002,-6.1348863
7.003053,-8.742124
8.612172,-10.485777
-7.567929,3.0724986
-2.5723317,-1.701406
-5.73306,-2.087642
-7.446493,3.8917313
-3.973078,-4.668912
-8.317074,2.1308334
-11.706904,2.5851388
16.473589,1.086777
-1.2102858,1.6805924
0.21947986,-2.8819847
-4.282741,-2.2643354
-8.436681,-0.95251936
-1.4063556,-6.029608
-9.099654,1.2568734
3.1702857,-3.6116905
27.078104,-17.529825
10.275498,-1.2894043
-5.19389,1.1045426
-9.368201,2.0322096
-11.683007,3.359173
9.005336,-0.120944664
1.0718429,-3.423409
3.165316,-1.0959295
1.9285755,-9.006993
-1.6983941,-0.40857103
49.683704,-5.417514
-8.321729,-0.91599905
-7.3788414,0.39584562
-10.735024,4.46858
13.023878,-9.289927
-10.098123,3.37723
-10.226331,2.625258
-6.242842,2.1791742
-8.526054,1.7731693
10.34091,-14.084094
-8.1196785,1.9983342
-3.014169,1.2612873
-9.318541,0.041028894
4.381853,2.0721958
-4.378846,1.244491
-5.359303,2.543962
-2.3924296,-2.6166127
-12.108546,2.5778027
-5.899723,-1.2330959
-10.790897,3.6844046
-4.6249204,4.3780212
21.632023,10.599113
-2.7531815,2.6091177
14.30482,-22.796663
-0.5730833,10.246296
40.7,-27.235172
-3.3971133,-2.1104295
-3.1297746,-0.34286872
22.0208,-13.973979
19.619635,-8.324219
67.75965,-17.74881
-5.9858994,1.9336655
-5.939266,-1.519502
-3.9258976,-3.145596
-11.06049,4.156205
52.004513,4.9779434
-7.3624487,2.0829046
-5.0490685,3.342772
-8.205102,4.6188574
-2.2495916,5.411263
-11.895397,4.1779675
8.905228,13.200405
-5.725221,0.05343052
38.168526,-10.72459
9.152096,-6.8961763
-6.687326,0.08091578
-5.7179213,-2.3269904
-7.854901,2.425251
-5.4034295,1.6195989
-8.530781,3.8680947
-5.530424,0.529348
38.45809,-0.40431988
23.604767,-30.492323
-5.813149,-1.7669048
0.4602383,0.21096538
10.4358835,0.9430709
14.750281,-19.424076
-3.4323184,-4.5544286
23.102037,-15.735965
-9.521582,3.4286513
-9.193827,3.6977212
-6.8607607,1.6041006
3.8346686,1.2118094
-7.8177824,3.4634194
24.007961,-14.966034
-6.903519,2.4908075
-6.226299,3.3502085
-0.69311273,-3.1764421
-7.9092097,-0.44920427
-10.110417,2.1877897
-11.001505,2.8224018
-4.3591003,-0.37857676
-0.6008679,1.269883
-10.757116,4.1941056
27.951286,-4.21476
-6.156122,1.2930696
-3.0809624,-1.8452196
-2.7537289,-0.43084547
-6.843641,1.340012
-6.8246713,0.8942907
1.5219772,5.6887126
1.7108433,-2.3602226
-3.005442,3.596097
-4.2512016,-0.29947641
-8.986462,2.3252506
-2.88048,-0.8650881
7.9620376,-5.7439265
-8.5841875,-0.8197671
-8.811565,0.004963325
-3.619091,-3.6379488
6.097305,1.6121284
-5.557027,-0.7535283
-10.684511,3.7779963
15.696155,-10.121765
-5.00005,2.304159
-7.581385,0.28536978
28.798143,27.115852
0.13423273,-3.9958
-5.9862294,3.4365518
-6.388174,3.7251449
6.5305605,-6.6885886
-9.990665,0.3767308
0.8066568,-10.852222
-4.215612,2.3680136
23.398458,-13.186375
-4.4506583,2.9491134
-6.9173317,3.9053564
-8.22644,3.8292584
-3.788906,-0.14476015
0.15273662,-6.8588476
-1.0579219,-1.3089978
-0.4622015,-1.6429543
5.3961396,-1.5169281
15.792356,-4.5129385
-6.390398,4.219594
-5.8340907,2.1317966
-1.8371953,-5.6537733
-10.603704,1.5838525
-6.2117715,1.3972014
-9.161371,5.1943474
48.678253,36.779434
-7.95941,1.1112576
-6.814363,1.6863481
-10.7084675,0.7468832
-8.478659,-0.8165606
53.426643,46.69405
-4.93385,2.492949
-5.1717367,0.8621768
0.7945494,-8.8809595
-9.920918,3.1226563
-1.5793098,-6.9188457
-7.6174517,1.4482203
-8.383967,2.319416
-7.084183,0.96713555
0.0068295067,-4.658114
-8.007754,1.760403
-6.6609907,-1.1251166
-7.2853713,-0.7036985
-7.593057,5.067519
21.668642,-20.477182
0.18225938,4.3771095
-11.169371,3.175891
-10.746965,2.409752
-5.470592,3.2730186
2.631384,-6.088724
-1.3619083,-5.503495
-6.478468,2.4383192
1.7817036,2.1937873
-1.8431998,-0.65698016
-1.2507873,-0.96919227
12.511561,-9.241258
-3.9176657,-3.0320103
7.962352,-6.0703416
-6.4904833,2.3049839
-10.992946,3.4371147
15.676715,-3.1679833
-9.558061,4.0891275
-4.553766,-3.739544
-0.4219268,3.9623165
16.686172,-7.130587
-6.0881596,3.1067607
-11.775513,4.469256
-9.7423935,1.2929392
-7.019674,-0.72406965
-9.005334,2.6965044
-9.8145685,2.293788
-3.6099772,5.0997972
-4.7115493,1.8693328
40.273876,-33.111816
-7.372752,-1.163381
27.455322,-16.041527
-10.706739,3.4825146
29.145649,-28.262108
2.7873454,-1.1647508
-4.6239896,1.7158111
27.264929,-21.092648
-10.449066,4.9084373
-8.655846,4.145436
-6.5034804,-0.64595604
-3.3601196,2.6246762
-9.744511,0.66798335
7.5462546,-9.0380335
-10.695742,3.8098717
20.692883,-18.301762
-11.630586,3.3503623
-8.437661,-0.9996061
-3.3304086,3.519299
-6.4545445,2.057443
-7.0917454,0.9482933
-5.82659,1.0144597
-10.822545,4.335137
-2.38507,2.389398
-9.784655,2.9285293
-7.8867383,2.933957
6.997379,-4.972912
4.37667,-7.367944
-2.8200872,-0.5723259
-3.0574045,0.5392327
43.929028,-37.7021
-6.737388,0.10852494
-9.219384,-0.64241976
-8.764158,2.730302
-2.5533943,3.414107
1.1011182,2.3707647
-8.031472,0.6600083
2.92003,-6.463009
-10.278552,-0.046837635
12.396237,-4.676688
5.158407,-2.671352
-11.434811,2.3952985
-1.2777451,-2.4131439
-4.8939,2.7611654
-11.202713,3.4786046
-10.266747,1.4694165
11.703166,-6.2499485
-2.1439147,-2.5865846
-6.613473,0.4306215
-6.835895,0.85887814
-9.854389,3.2185404
-11.595389,3.1385224
-8.4256,1.0816973
-9.534985,-0.07196726
-10.381649,3.4145737
9.459933,-12.128191
-6.766968,5.570572
-10.694988,3.6600494
-4.887721,1.1938051
1.7259636,9.541445
-11.87312,2.9459171
-8.545437,2.1224256
0.6410491,-6.48507
-1.0758204,-2.3196495
-8.825614,3.3152647
0.40342084,-3.8896217
-8.902356,2.3953657
-5.66222,4.5141425
18.27931,-23.124195
-2.7526925,1.5961319
13.080275,-8.386078
1.013175,-1.0060837
35.96044,20.175535
-8.516543,3.3750443
28.9813,9.976759
-9.336417,2.108232
-3.952969,1.8057698
-9.975494,4.620006
8.590578,5.659816
38.064064,-33.230614
-9.867791,3.871584
-7.3556614,6.179593
2.1820464,-8.589954
-1.5353068,-0.51110685
-8.082421,0.49809748
-0.6713124,-1.1113276
-12.250186,4.320545
-5.2531753,3.4736624
-11.710715,2.8839889
-1.450298,-5.910149
-6.619043,-1.6704715
-10.764264,3.5364337
-1.158891,3.8106883
-7.3552427,1.980113
1.2482585,-0.20012672
-6.195129,-0.7367302
6.329097,1.4955002
-8.472516,1.5399206
0.22918889,-4.884922
0.79682684,3.0599177
-11.152178,4.431923
-5.401716,-1.4717557
-7.1035156,3.1922653
5.1252007,-1.0156473
-5.203387,3.8067582
1.0608654,-2.308193
-5.4921584,1.1012117
3.7677896,-0.50235605
-1.3575957,3.203438
3.1372583,1.4049823
-6.8297553,1.0228057
0.5304087,-4.3417
-5.6854258,2.1704235
-7.428485,3.3697743
-9.552054,3.3231375
-6.1214814,-0.1742544
-3.5465424,1.1171147
89.00211,59.913334
-1.0137429,-2.576405
-10.188201,0.6540332
-10.22062,0.73081654
10.605766,-13.030111
-7.517692,0.6509916
10.837376,-2.1594536
0.24604195,-7.8900223
0.23261286,-7.956906
-2.547113,-3.468897
-10.896342,2.2734349
-11.209684,3.6992261
25.395031,-5.4365788
-4.305764,3.750762
-6.6294785,7.2604914
-6.886634,0.8025516
-6.2776847,2.0731103
-7.2076416,-0.6175412
-5.8462076,1.1600962
-6.9411545,-0.9342642
-8.966532,1.5670854
11.85747,-11.640254
-8.115775,3.8270104
-11.958169,4.8528414
2.4463315,-5.1354594
-11.657288,4.1981897
-12.792989,4.758632
-9.558215,4.144889
-10.252317,1.1463863
-9.592079,1.4549961
-6.5222073,1.0037174
-2.7555776,-0.97721654
3.2827234,8.883651
1.3450572,-0.8760467
-3.3639426,4.9555845
-8.183351,0.90242594
-11.041156,3.6961231
-7.8142223,2.775976
-1.8635608,3.858216
-8.701919,3.0311437
-1.3201487,0.24830616
-3.860541,1.8627459
19.652096,-5.108958
-6.946907,0.041111846
135.93378,78.464005
-11.279937,4.2871556
-9.47726,5.480211
-1.3016542,0.06868033
-7.298662,-0.7045537
-5.0866313,-2.5457048
-9.874826,-0.5091639
2.383545,9.51707
16.304935,-5.047843
-11.109303,3.8507407
-8.388674,3.1240027
-4.6848297,1.9264083
72.432236,-31.689356
-7.583432,1.082846
1.1395152,3.109261
5.849672,-1.9960434
-9.626754,2.5629883
1.305137,-2.8119466
1.6742837,-7.6884084
-4.7634044,-1.2813082
-2.6086447,-0.46074206
-3.6269975,0.77720255
-8.402369,3.7833238
9.106426,3.7111523
-10.506205,4.1097455
-8.491484,0.97472256
-6.3425655,4.0202956
-8.328511,1.5078524
-8.550458,2.4162016
2.5487483,-6.837147
-7.6063147,0.83957833
-3.5848026,1.4126917
-9.614191,1.8051828
2.860892,-4.0861797
-4.4967523,6.0772486
-7.730672,4.087919
-2.5060825,2.2078161
-4.3566127,-1.4050665
-3.9931467,5.8814845
-9.913345,0.65118194
-11.531477,5.629549
-2.3077457,0.4995249
36.887154,25.327003
21.630474,21.71618
-6.0914445,0.6342775
-8.874046,2.5304635
2.3245058,4.353889
-0.44192755,-0.9405566
-8.912943,3.3691068
-3.6785107,1.9611241
47.93983,33.21291
7.1888204,-3.7204363
-7.162563,3.2049358
22.359684,-28.84475
34.431118,27.312353
-10.881453,2.5075006
-0.23209623,-3.3019915
-2.0058484,6.2967887
-4.541412,3.2873595
-4.582463,2.1495068
11.5602665,-12.393843
-2.6995327,1.0263181
-10.630948,2.289233
-10.159016,2.4727156
-10.96276,4.5198016
-10.386848,3.656825
-7.743723,3.1750913
-6.171621,4.739637
9.353709,3.9935405
-4.789262,1.6862043
-10.63407,1.455346
-4.753675,6.021939
-10.536403,4.4095182
92.107346,58.762962
-10.096121,4.3545985
-11.475112,3.1129506
-9.441183,2.881879
-5.3985963,1.7463753
-7.2679687,2.5955906
0.9616909,-5.0717134
1.7503045,-6.9433966
-7.0868483,0.9501037
0.00752546,-5.402369
13.290178,-14.762996
-1.4916383,-3.793419
6.5046263,-0.25497583
-7.757359,0.4500395
5.62845,-9.81595
-4.3941293,-0.64229023
5.1149983,0.7316123
-1.0258375,2.1370518
29.170551,29.119688
-7.6006937,1.8833642
-11.231481,2.3115516
9.143809,-0.77202606
-4.619126,0.4541509
-6.9768386,3.2327576
-7.8945465,3.8368864
-9.728559,2.0393949
-4.5492587,1.4810851
-9.082021,0.4355923
-0.88874257,3.7992942
31.445187,-29.821012
-2.2989154,-2.0171216
8.373934,-15.453807
11.27686,-9.080425
-2.6880536,0.77311563
14.292935,15.235482
7.7369647,-10.5484
27.83973,-7.697776
-4.1721926,0.96904874
5.311853,-6.1712646
-2.8478367,1.3449986
-9.638687,2.2730172
-11.968604,5.026047
-11.478781,5.270517
-10.004558,3.322433
-11.670546,3.537538
29.494453,8.379061
-7.8956857,0.81688803
-0.3092292,-4.6062713
-6.858504,0.5465544
10.901025,-0.6753364
-10.5927305,1.579872
-3.8989713,0.27907392
3.9222548,6.82133
3.538207,-7.525937
-0.44539288,8.786239
-8.360807,2.3484247
-4.7239885,0.4500714
-8.526858,-0.95864844
-7.4434805,-0.0009808233
16.07873,1.7737596
-2.8178837,4.313016
-2.894555,3.9888518
6.3458133,-7.0310044
3.5505323,-10.485476
-5.133884,-1.050661
-3.8748832,0.9201795
-5.2740026,-1.3652639
3.2792356,-9.838938
-1.1833218,-3.1877673
158.22342,61.760967
-8.542194,2.1058064
-8.821535,1.2837389
-6.129158,0.9526968
-10.280018,3.0451655
0.06926866,-2.8585534
-9.607078,1.7647936
32.446156,15.217155
-10.690917,2.760641
10.899745,-9.100282
-3.3592439,-1.8826265
23.1769,-18.308506
-5.136999,1.2268851
-6.4595294,4.3155026
-3.256461,-1.381083
-4.719182,-3.627433
-6.874732,3.8918474
-5.1480656,1.0311888
-10.60725,3.3172276
-7.878565,1.7245644
-8.508335,-2.1728837
0.33006948,-2.7020142
20.598017,-4.3056016
-8.644636,0.24557447
1.7803669,-5.164659
12.301715,18.602219
12.982711,-7.4354515
-8.743579,1.8739636
-11.88688,4.832656
-8.85984,1.6830806
-3.7843456,-3.8949823
-4.153499,-1.7890252
-9.373413,2.2539485
-0.97731364,-0.5794271
-10.018812,4.245403
-10.820681,4.508083
-8.796716,1.565782
4.6480937,-8.707032
-11.227693,0.61345214
-8.116401,2.7492166
-11.257811,3.2182236
-10.115545,-0.010041567
43.09637,-40.759853
-6.668014,1.1729274
-9.04536,0.8738091
-7.3871365,-0.4968344
0.205946,-1.4224716
-5.304677,0.33961865
9.074375,13.5160885
13.238466,0.3527749
28.858885,8.725373
-7.6799607,0.7500499
13.141152,5.6381464
-9.897117,1.0585834
-5.021431,4.567628
-5.0851607,3.8353796
2.3355849,-3.305386
18.477135,3.6571043
-10.112871,2.2812378
6.0766344,-1.4144135
4.7184834,10.489183
25.143581,-14.367185
-8.184892,-0.21125135
-2.2008872,-3.6617362
-10.166051,4.6411967
-7.30237,1.9259865
-3.5663486,-2.0690053
25.185007,32.14301
17.896893,-6.467531
-6.8548265,1.6036463
-1.8634926,-0.13829587
3.5865383,2.0166495
5.670553,1.1650039
-2.9439445,-0.6034314
-5.784049,-2.48692
-8.227952,0.7818155
3.402392,-11.096843
-7.4110503,-1.8247951
-9.146935,1.9117386
17.020065,-18.421665
-7.0606155,2.217701
-3.031227,1.8605107
7.8655806,-11.726457
-10.400169,1.7187512
-9.435706,0.05926222
7.2212005,-6.986658
50.16821,-20.051706
10.179639,0.2644718
11.704589,-6.435758
-8.916809,2.3112922
-1.2588717,0.39404348
8.415733,-2.3454351
-9.254442,1.4488364
-5.733817,-0.3097268
-5.726732,3.0537267
-8.504112,2.9836113
-11.317475,3.6537127
-6.5679917,-0.7543096
-3.4983873,-3.2279985
-11.582211,4.522798
21.103157,1.2210252
-6.028943,0.030254167
-8.016203,0.752503
15.178658,-15.241122
-2.3230135,0.9462163
-6.591916,1.0808905
-10.744738,3.8185458
9.516039,-17.690712
-11.866024,5.717929
-10.741492,3.37284
-6.6727433,4.2817464
-5.5302124,-3.7917066
15.6995945,-4.3134875
8.358169,-7.3401675
-11.4664755,2.4257617
8.383839,14.844379
-6.755964,-3.2015944
-4.770215,1.540463
-6.2480545,4.011453
25.310526,3.6404645
4.5496264,-3.921731
-8.897191,4.7210755
-8.648764,0.65745187
-3.738712,-0.86726284
13.523009,-15.803653
-3.3107576,-3.8687634
8.404342,-11.35792
-7.2843294,1.0839972
-6.8422074,2.995083
-3.232912,-4.0704813
0.24139498,5.7992263
-7.3182993,3.148685
0.7793624,-1.7471097
-8.000535,5.3400817
18.329416,6.290701
15.877734,-0.5819488
7.633257,-3.7373362
-2.544117,1.4007902
19.515306,-21.67554
24.390959,-23.890297
1.8820786,-1.1832875
-11.162833,3.3450787
5.1125946,-5.6059732
9.306456,7.5712857
-1.1601095,-5.20433
-3.9344947,3.734837
-2.3624797,-1.3336383
-5.745005,3.9039881
6.184368,4.307268
80.80322,65.194496
-10.216003,3.852741
3.4147685,-8.891576
-6.8476377,-0.9569874
-10.241112,1.5708406
-12.40859,5.23751
-9.593524,3.0642757
-6.1051483,0.41209352
-6.001074,1.3799974
-10.185625,2.0922606
-7.4556937,0.18581626
-4.660121,-2.3752248
-4.662518,0.8112381
-10.361082,3.2824364
-9.055846,2.5777261
-5.612431,-0.84344643
24.041298,-17.620146
-3.5434935,-4.741644
-4.3294187,6.2580566
1.2873385,2.6537538
-3.7462068,2.5872533
-7.509255,1.9458853
-3.4396613,3.851594
-3.5596325,-0.74614084
-4.2052193,-0.7979505
-11.990075,3.8966153
-5.064027,-4.361772
5.0672936,-12.854704
-7.3414097,0.78856385
-0.6880684,-0.25727952
-7.28441,0.6230682
-7.168426,3.7537193
1.4527513,-4.7347174
-8.690265,1.4654183
-4.640995,1.660029
-6.8366337,4.3098516
-4.5852404,0.12389212
-10.319068,4.438081
-5.4414773,2.4939377
5.352873,-11.651548
-10.463092,3.7293293
2.3787541,-0.4764929
-5.8689384,2.0321224
-10.360123,2.4818327
-4.853035,3.9000225
22.002335,-16.329393
-2.180869,-0.11417644
-4.730938,0.50311744
-11.058946,1.0811976
-5.685884,1.9525821
0.25825357,-5.62718
-4.3670373,2.2234707
-3.5118916,-5.8157945
-7.623045,1.3148973
-7.1901045,0.9011293
-7.612164,1.1922842
15.625495,-8.136924
-9.75158,4.405367
-8.945755,2.262897
-9.789113,2.5369117
-2.608362,6.181789
-10.127818,0.8234203
-2.4502418,1.1777635
-3.2902417,6.5160933
-4.1315775,-0.56338143
-11.877939,4.1806107
-5.7269077,2.0107138
-11.466073,4.8150673
-9.450805,2.8808436
-10.94007,2.908899
16.592085,-8.806709
-8.027437,1.9942294
-4.155066,0.09524963
15.712519,-14.6010895
4.799139,5.0441227
2.364702,-2.0885625
21.579744,5.6769414
0.29824626,-4.613191
35.316532,6.0419884
5.905349,1.9340917
16.796907,17.897253
0.0878198,-3.1820238
-3.1083376,-3.8376813
33.097847,4.799394
-6.0887923,3.8875434
-10.131852,5.1998096
9.051223,-1.4578327
-1.9369596,-2.7328334
-1.5195733,0.1639778
3.6253514,0.13207376
-4.9735737,-1.6760757
-3.41364,0.61643976
-3.7648158,-2.3285193
-5.1522846,0.6439148
-9.164771,0.15831302
71.664085,17.573238
10.045145,-18.904242
-4.009459,-3.1827796
-10.306492,3.4358327
-6.4590454,-1.7363422
-7.7643933,2.3613408
-13.305973,4.796267
-7.5129995,1.6779813
-0.24080743,2.175394
-9.491711,1.7300795
-9.362317,1.7777687
-6.1912937,-1.5082556
-5.867589,2.090565
-8.631262,1.550169
-2.7869897,0.9690283
-3.4677882,-0.55271584
-4.908035,-2.8380427
-7.5344505,1.0340427
0.39840087,1.6396646
9.394712,6.7319036
-6.308044,2.4748135
-6.9014463,3.427154
-2.4984727,-6.048552
-4.8393354,1.8861405
-8.4851265,4.3957467
1.7452644,-4.346233
-6.6412907,1.7215378
-5.2624288,-2.3138824
-8.788463,2.8473082
-8.092165,-0.30329055
-5.555122,2.5479305
4.854892,-0.617729
-5.3245993,5.2579393
-8.959909,0.8500283
10.0579,2.057693
-1.1218245,-3.0685651
-5.7227716,-1.163179
36.361294,-33.616653
-4.322453,0.18910807
-8.450688,3.1676183
-7.6370735,2.5253658
-3.814808,-5.805884
-4.7936816,2.8005881
-6.9565897,3.8690996
-8.826113,1.8041002
-5.1827826,0.7926338
5.127772,-5.4265766
-2.5597243,1.0486065
5.858304,2.5496619
-6.1450944,2.6689253
-10.766697,4.6011405
-5.7635913,-1.1482654
-0.46820557,-3.4681222
-7.9890513,-1.6346819
-2.3789768,-0.8426207
-7.764631,4.5045266
-9.365248,0.014366629
8.298263,13.072604
-6.9729233,-1.1743973
-9.941325,5.0981617
-9.400514,2.1614852
-0.76015157,1.5967262
16.762272,-12.741428
20.777594,-20.161146
24.335575,-9.288744
0.33176807,4.0465536
71.41164,34.398056
4.4448285,4.444967
43.023933,41.408123
-2.5757277,-1.9987162
-7.9483194,0.8343353
7.2220206,-10.402719
-3.5961838,-0.34095767
-5.3287325,-2.907889
-1.8050702,0.6134826
-4.2728357,-2.254332
-3.5025554,-5.5553164
-3.1202211,-0.20730263
-6.22064,3.568815
-10.822349,1.5397662
-7.4426374,0.617529
-1.5036645,-0.23312806
-1.3572859,-4.314751
-3.6876411,2.2085607
-11.297829,3.3499842
-4.661326,0.7149335
-5.197487,1.0989015
-9.704627,2.5989568
-1.4811258,1.1142229
-10.460707,3.5975523
6.35688,-7.762298
-9.992032,3.2581685
-3.743412,3.8545642
-9.066786,1.5758616
-0.17258385,-1.0918838
-9.398425,1.8197955
-10.236712,3.5540767
-11.119595,3.4995184
-9.033459,3.1090946
-3.8779936,3.8120513
-1.7946887,1.1794626
0.29040483,-8.839234
-3.6788657,4.069702
3.4486113,-11.580334
-11.308167,3.1656952
-3.0109215,1.1878235
11.224828,-11.234008
-3.1820743,-2.622879
-6.3715525,-0.36085153
-4.0054727,1.3739082
-4.955975,2.6030302
-9.955259,3.4875684
-2.498559,0.57762
-3.4697623,-1.7038984
-2.511757,-1.206439
29.178856,-15.780886
-7.878271,2.555433
-8.296448,1.9770154
-10.51017,2.7186263
6.477063,0.9721632
-11.026635,3.9210467
23.623755,-15.71466
-3.318719,-5.459169
-0.74836963,4.977898
-4.2842236,-3.9535103
14.77475,-13.781047
-4.614518,2.8520577
-0.44134605,-4.4931183
-7.0728188,1.0167125
68.42962,61.66146
-8.501108,1.4106054
-3.0454414,3.5041513
-5.1176834,-3.6988473
-11.115137,5.7473044
3.065493,-9.841477
-5.2911634,4.2361
-3.864061,4.613487
12.029154,-6.008095
-8.886552,3.789653
14.328679,-18.193094
11.030622,1.9154178
-10.882226,3.5498865
-3.0102823,-0.5506878
-7.815995,2.8736172
47.62661,-29.533209
-9.744221,2.887159
-4.7577934,2.4374163
60.634026,2.5006175
-9.301465,2.00112
-5.982377,2.9281535
-4.952717,3.3207443
-5.6795125,3.2486775
-5.4034925,3.3882525
-0.8615121,5.335591
-6.020213,2.3752406
-7.607369,-0.72524047
-11.638064,3.1799235
-10.571009,2.1870005
-1.2658201,0.7806651
-10.030187,2.0824943
-6.8326716,-0.16736925
-2.503949,-1.5075028
-5.8522377,3.1408138
1.4733878,4.981618
10.265454,-2.300171
1.4330624,5.9665327
-1.6696832,-1.464983
-4.7375417,-1.8113978
-11.182723,4.7380114
-9.081806,0.09944454
4.44344,-3.7447643
11.513134,2.6145916
-7.8539863,-0.101153255
-1.3397133,-2.3472805
15.95609,12.415197
-10.942815,3.202451
-11.113964,2.6120787
9.065699,-7.6124744
-10.844052,2.4685462
-12.285829,2.9068615
-7.445728,0.2007257
-10.097076,0.70742166
18.520885,21.656128
0.016194751,-0.9026736
0.71263695,-1.837954
-8.299247,0.6788863
6.755754,-8.635299
-3.9824371,1.5440626
-5.3916955,-1.4397186
-7.6189556,0.64594156
-10.069788,1.8230758
0.89978683,-1.6540314
0.093647905,-3.5653298
-10.7277,3.5993626
5.478468,-9.434174
-6.4112325,-0.12734091
-0.16041453,-4.5335174
20.247889,-19.656448
-11.292457,3.3102152
-10.261562,-1.7959276
-4.9310117,3.4969244
-6.4414806,1.0789639
-4.733993,-4.9419527
-7.34732,1.2827365
-4.029566,-0.041438222
-4.060816,-5.008173
3.9551132,-5.663038
65.20371,39.692375
0.724174,-3.5501437
-7.7805214,3.3711894
3.764698,1.8780029
13.938618,1.0268095
-8.234911,0.5226382
-8.22655,3.1566544
5.4353375,-7.0152617
-7.3214207,2.4117286
-5.7450294,1.4882493
-5.44729,2.0357854
-9.520702,1.8231591
-9.115324,2.2683737
8.39219,-5.181255
-10.2065115,2.561201
-4.8961797,-0.5885105
-3.4959447,0.009200558
-6.7292476,-1.7068785
8.813615,-7.523732
-5.009138,-0.6681798
-8.839428,1.7890526
9.679047,-4.0959067
7.4881454,-12.693776
-9.456965,1.3048308
-10.821398,3.2913992
-10.094965,2.5459511
3.4439201,-9.28006
-4.613949,-2.1729472
-8.854376,1.1992732
-0.90932727,1.8348179
-5.704208,0.8145694
16.55583,-2.921473
18.992481,-16.65248
-0.69396937,-3.0556645
6.2868443,-6.27561
-9.413336,1.8987535
-3.0115497,1.9016689
-11.447676,2.977677
-7.0583415,2.2536404
9.690987,-9.530921
100.242714,-46.467846
-10.1936455,1.651978
48.040344,20.70987
-2.0286996,-2.700716
-7.4618587,-0.49079004
-10.465577,3.1511598
3.8998988,-9.566453
-2.702108,-2.7061875
-2.9504108,2.3086073
-6.8805895,-0.18517801
-6.925908,3.9731786
-7.9391813,2.6519046
1.0038763,-10.023394
-9.310341,-0.10695249
24.444973,-9.033691
-5.617768,-0.22236396
-0.4776176,7.7021728
3.2254403,-8.545639
-7.886337,1.3216249
-8.861389,1.0526385
-1.1442863,-3.7022371
-5.362338,3.640636
-3.1889522,-0.67987823
-9.708661,0.85279197
-8.927297,1.8900328
-7.518888,-2.3576767
-0.101184845,-1.7057773
-7.6452146,3.9554958
-1.1122441,-4.260525
-8.731545,1.9572483
-10.739539,2.8372314
23.52391,-10.707172
-5.607207,1.0087417
-9.746703,2.1228867
57.044533,38.556202
-6.7235436,3.08975
-1.7168248,-1.9666991
-0.53668296,2.1704764
-6.6506276,-2.4984107
22.928593,7.433728
-5.611341,1.9914955
-8.394817,1.5748055
-10.737244,1.2995259
-4.1457286,3.2282906
-1.6694132,0.545834
-5.2331843,-0.97418225
1.710528,-0.8124677
2.5871272,-3.040465
-4.1793942,-1.0261693
-7.7928605,0.5802069
-5.452112,-1.5679927
-11.244406,4.067879
-11.649133,2.543086
37.092903,-23.961218
-7.529161,0.84644127
-0.86345243,-3.552985
-7.615073,-2.9381788
0.47915682,-3.018571
-7.5898786,-0.9855752
3.9443965,-5.051146
-9.641139,2.3504155
66.29136,-5.4267535
38.746895,-28.836237
16.035303,-12.113431
-7.558456,1.6412258
-9.96828,3.5640411
-9.482388,2.0727727
-6.2180266,-0.32323745
-7.7976313,0.29504314
25.076313,-22.401896
-2.7686996,-1.0038666
32.10191,-24.557306
-3.6804774,1.4669311
-5.9604654,1.8322401
-11.003936,2.8844452
13.842364,-10.767712
-4.568883,-3.2272043
-7.861128,4.8405232
-2.8268073,0.24921583
-7.776857,1.2876301
-10.313639,4.4782376
10.395716,-3.0166225
-1.4575237,-2.38212
-7.5491447,-1.7648476
-1.4839879,-2.523718
-9.307293,2.5018532
-10.282979,4.504921
12.022053,-11.838058
-8.793968,0.5852912
3.7246377,-7.030993
-2.0128343,1.0354757
-10.522187,0.9288776
-6.608281,2.8967774
-10.006881,4.308283
-9.333419,0.021600788
-8.801509,2.2013752
38.25597,12.691413
-7.240993,1.2462839
-1.0965208,0.078127794
9.867911,-16.808773
-10.175574,3.2291732
-3.3921506,-3.4849079
6.2584467,1.6775383
-1.7534956,-1.566628
14.658886,-5.2531514
-10.401327,2.7971826
-6.7699027,-0.17467788
15.152469,-12.592256
-6.4291897,3.2749968
-7.417939,-0.7523607
-6.064498,-1.8189819
-0.15289791,-1.2192388
9.53331,-4.821318
-7.351223,0.8005984
-8.237789,-0.3148264
12.901643,-6.223649
-5.712343,-1.5470057
0.58973897,-8.491156
-7.7150702,4.553254
2.0284956,-1.3483601
11.763638,19.484549
7.050652,0.27255195
-5.5566735,4.913979
-7.7102556,1.3788564
-5.0152063,0.46070054
50.653324,-39.42943
-9.443778,1.434097
34.03311,-33.013844
-10.834707,3.0665765
-6.953207,1.6983541
15.080167,-2.9378114
-10.2463455,3.0413246
-6.140867,2.1992753
11.858369,2.3637464
0.6562522,-4.357061
-12.2946,4.1053805
-2.2932827,-0.45590544
25.566828,-10.36878
14.872172,-7.609737
-0.051493034,-0.8202239
-9.550094,4.445841
2.4686685,2.610278
-3.463206,0.36111835
1.3767378,-2.7365785
-6.118773,0.8006011
-9.938693,0.73763126
-6.919326,-0.7514007
2.2446983,-8.117654
13.846295,-4.3696933
-10.017127,2.0749838
-4.2815604,4.512461
3.8123736,-7.5512714
-9.963294,2.0836055
-5.603685,-0.57305884
3.2973645,-7.7934613
11.945851,-5.5020924
-9.107504,3.0993528
-9.556856,2.930552
-6.374846,-1.3345394
-5.1438923,-1.3039364
18.588074,-11.640958
3.5801413,-0.9666487
-7.9115157,3.941762
-2.0120318,-3.7705405
12.961879,-12.672651
-4.0470634,-1.9764799
-8.289054,1.0634804
-3.3609922,-3.4538486
-3.2409706,-0.241749
-9.856721,4.6925793
0.5542725,-6.5726786
4.7252946,-7.084318
-12.523859,2.5081875
-6.9822974,2.55862
-5.484978,-1.3439453
-6.613898,2.1289525
-6.5817266,0.39692467
-1.0100696,3.4050689
-5.0077734,0.52916735
-6.510494,-0.80597824
-6.8324075,2.250795
-8.00936,1.5812957
-4.3242927,0.36332473
-7.2627254,-0.48552716
7.6843777,5.406805
-7.7662816,-0.2881432
-3.0640714,-2.5667028
4.865693,4.863318
-4.0976696,-3.0162306
-6.9038267,3.7566218
-10.748961,4.2762117
-10.822374,1.6162827
3.076364,-2.9973154
-8.413098,3.4689112
-5.5714564,2.2046163
16.505121,-5.979738
12.046193,-2.578033
-5.2990017,0.33264783
-9.226605,1.3024187
-9.83645,2.5083525
-11.761611,4.3002467
-10.670773,3.4965997
-10.552699,3.101741
-0.37430295,-1.7263316
20.913044,-18.357697
-7.063209,1.0722241
9.916339,0.68683046
-1.7148999,0.47166476
13.196538,-4.1421065
1.9828677,-1.3259827
-7.0103917,1.1026015
12.497117,-9.726044
-5.23284,0.37405485
9.085893,-4.553427
-0.17630495,2.0062258
-8.973408,6.7194695
4.4187565,-4.6093493
1.065379,5.4695115
-2.2686887,-2.8691447
18.583172,11.274932
-8.635759,2.3445709
-7.152652,1.3805461
-1.8086398,-6.2205105
-2.5886235,1.6547058
73.30454,-54.09053
-8.377964,4.835396
2.6810632,3.865862
-10.470329,3.5722017
-2.0230594,-2.2585037
-5.8212156,-0.24280144
-1.4824209,2.43015
-10.998064,2.4931855
-4.9670005,1.6267416
-8.462233,3.598559
-8.465642,2.3759577
-10.88395,0.24218059
-9.947199,1.8181313
-8.386194,0.15820399
0.15880674,1.722729
-11.545625,3.5890508
-2.111925,0.48559773
-9.6927185,2.4189568
-8.058076,3.4766893
5.6829567,-5.85971
-11.123697,3.795492
-5.9898973,2.2848227
3.1507707,-3.4555058
-0.89577514,2.016115
-6.016705,0.92098325
-7.0740714,1.086235
-5.6907673,1.941715
-10.019109,4.387552
4.1062765,-12.961211
-7.292434,-1.6656258
-9.098721,0.98289365
26.368145,0.93813556
-11.084317,0.9792599
11.655613,-13.886254
-3.7861457,-5.832189
22.231936,-9.803136
-7.9955363,-0.068053976
-6.070112,2.7979841
33.62048,-16.835697
20.14201,-12.218644
26.177332,-10.33236
-8.457794,-0.007993156
-6.186297,3.647075
-9.590223,1.7439271
-1.7511002,-1.0971186
2.3305807,-8.066768
-1.2433826,1.2493173
-4.445938,0.41278455
-7.1776915,-1.440899
21.024343,-9.654132
-4.8383284,0.18559924
31.40834,6.246748
-11.704642,5.064699
-6.9430017,2.29011
19.296152,-21.049309
-2.2268426,1.724418
-12.031379,2.7279162
-10.631499,1.8534528
-5.8755903,0.9371721
-5.3802247,2.0032587
-6.5616727,3.0757682
6.716653,0.64096683
8.2091465,-6.1343307
17.301908,-14.164648
0.18013822,6.9894676
-9.053568,2.109325
-10.276887,3.332391
-1.8627294,-6.520645
4.278009,-10.23283
-4.2527595,-2.1085384
-8.731454,3.4572449
16.93521,2.2120965
-9.774031,2.562712
-9.177062,3.0758002
-4.08752,0.57858044
-8.115973,3.3868854
-3.5942762,-0.9995527
-5.1121507,-1.9098109
-6.7421203,3.2017884
2.1399722,-4.0048184
-9.0455475,0.5118637
-1.7926152,-2.0838225
10.20909,-8.282293
-5.4889646,0.5363005
0.20770949,-1.0493331
-5.066367,3.662467
33.741505,-30.866955
-2.8100908,1.5168896
-6.424574,-0.6234021
3.6397095,-8.251869
-7.093539,2.7864072
-4.6403913,0.67313206
-3.2349174,-0.23948106
-2.7037904,1.4171968
-5.1620893,-2.4972267
0.19813648,-1.6839687
-0.566592,0.23734447
-9.5139475,2.2615197
1.7480204,2.8076875
-9.250125,2.8045042
6.0357585,-9.852727
32.187668,12.468169
-3.1667736,3.0406334
-9.376797,3.94025
-7.998825,0.98770857
42.836475,-33.27275
-11.390633,2.59023
-8.567734,3.2805617
-10.223604,1.755644
-6.8531213,2.558279
-9.660002,4.5519066
-10.751678,2.438172
-11.601272,3.6645527
-8.266722,0.01542406
-4.381486,-2.2808862
6.704869,-5.9646297
-8.118832,4.829639
-6.801703,-2.6774595
0.62356746,-2.5957968
-7.897486,-3.0481663
-8.298666,2.053073
4.188288,-6.287581
0.04705414,1.618909
-2.8236806,3.4444406
-5.373104,1.2944001
3.775694,-4.960928
-5.5006227,0.8543858
24.873209,-3.7315884
-8.591102,1.6812676
-5.5881405,2.3571303
-2.533112,2.124126
-2.5856438,-1.5222378
-10.520183,4.0396237
-7.930959,1.6379575
-4.3601055,3.1213171
1.5185106,-6.3898735
-9.757802,-0.88699734
-3.7859068,2.1360192
-5.0459647,1.6303042
1.5019875,-0.6364399
-11.642094,5.0281916
-5.46801,1.4068534
5.006744,-1.7684289
-2.934988,-2.1725917
-6.548861,-2.5040781
-6.0344014,1.5696715
24.515703,-21.32803
-0.13581313,-2.7942166
-8.062492,3.8411424
-6.0424876,-0.47334728
-11.265143,1.9439722
-9.56811,0.96564037
27.177164,-11.610784
33.88318,19.33333
0.7685761,-4.0396194
-9.860251,4.542548
15.752635,-2.4464216
-10.759016,1.2813486
-10.043741,3.0153015
0.17942204,-6.5941906
-2.4024317,0.09442024
-11.335154,5.240554
20.817753,-18.950924
-5.7069607,-1.2528218
24.996758,-25.889877
-6.523864,-1.580316
-9.2255,3.0566924
-0.0931288,-9.012044
6.8667855,-9.404513
0.9307273,4.4603777
29.0493,-13.399413
-9.459389,3.4261851
-2.3114607,-0.3107169
-6.4267464,0.40332353
-2.6839104,4.502157
-0.46592078,2.6604505
-5.355027,1.6470546
-7.888364,1.0579772
4.1103606,-3.8533778
-0.66757005,-6.436815
-5.299448,2.9002953
-0.19514604,-4.43287
-4.443307,3.2487035
-4.3476577,0.4162114
-10.454943,2.5226498
-2.9995303,-0.43804982
-7.568061,-0.090025045
-5.702922,0.55462337
-8.000074,0.27490202
-5.5795207,-0.62467754
-2.7590053,1.6410141
-9.361357,1.7423255
-9.270904,2.3634315
-2.2546413,2.7016907
-6.980825,1.8634003
-6.3723736,1.3635473
-3.620632,-0.34656042
-9.882447,2.3132133
6.1697993,-0.13880362
24.00292,-24.139174
-2.7002852,3.8552704
-8.491907,3.686345
-7.1784096,0.5375138
2.0613751,-6.1125035
-0.21901552,2.3735287
3.390799,-4.6018877
-11.180477,2.319098
-7.2407727,-0.09896902
44.881157,22.420895
-11.439052,2.4579477
-4.6118374,-2.457103
-3.7490637,-1.5228627
-0.8503786,-3.9428813
-0.1300565,1.9391352
3.2673454,-0.46453872
-5.2498584,-2.4422004
-11.033924,2.525847
-3.9299839,-2.2386642
-3.4143922,-1.7610646
-9.371849,2.4425178
-10.352037,4.1162176
-4.832278,-3.0678494
14.059643,-9.047859
-10.297483,1.9659113
-7.1907444,2.0311837
-8.689187,2.0215514
-8.365654,1.327031
5.045716,1.0098262
-9.885768,2.7542102
-6.8150573,0.0926684
14.823797,-22.250498
-0.056620628,-4.3674397
2.909172,-4.368941
-1.4398736,-3.031474
28.014383,0.15704347
-2.5360155,0.41789737
-1.3605322,-2.3604047
-8.930917,2.3927543
43.622654,-40.45935
11.670886,-3.1670306
-6.838599,0.9490057
31.279173,10.4478245
31.375916,-15.012313
-6.2562532,-1.4869765
-9.967894,5.337138
-2.1699183,0.025920326
-9.362378,1.8716322
-2.9848711,1.6669253
6.546008,-9.160715
-10.266478,2.2058537
25.506163,-26.962032
0.31911185,-5.1721916
-3.2494605,2.3061633
4.729466,-7.427388
-6.501114,3.1265104
-4.087748,2.4554274
-9.521885,2.1424696
-11.838235,4.1219025
-5.6995387,2.4250746
-9.488949,1.7449728
-5.755608,-2.9173286
2.8661585,1.7451873
-6.940488,3.5119865
-8.366302,6.1336493
-4.881801,0.41317317
-9.37921,2.5106633
-5.3800635,5.7826614
-6.499656,-1.5129577
26.114458,-28.740435
3.1957288,-5.4154086
-3.6127748,2.5210268
-4.8364964,3.379301
8.646086,0.89772195
-8.386987,1.4377857
-11.141224,2.1730561
6.5244823,-5.8434334
-10.239,3.082774
-8.340537,2.7513697
0.38455895,-1.7691171
2.3539374,-3.0908263
1.3248632,-1.3667247
-5.7799754,-0.68158156
-6.2064567,-0.7688354
2.3304503,-1.3430243
-7.0971537,2.970861
3.760918,0.21699572
-11.39648,3.703791
-3.8111773,0.6865553
4.6674523,-4.672756
-0.12869655,-6.56966
12.399487,-5.7803755
-5.6576724,0.19752112
-9.736195,3.5336711
10.182622,2.5029488
-0.095909685,1.4205323
-4.8041706,-0.6851065
-6.3626084,-0.7932966
-9.958429,4.9846287
-2.6309297,0.26423177
-6.1352134,3.2855725
-8.9951515,4.270738
0.66457677,-0.5029385
97.56296,-51.34404
-6.1486673,0.40492058
-6.913605,4.121486
-7.628968,-1.3036873
-6.122547,-3.113798
-6.223477,4.431449
-2.0984006,1.100293
-10.511014,2.6383874
-9.839008,4.1892085
-6.889468,1.4008045
-8.073184,0.7738016
-6.8480883,0.8537092
-12.691311,3.5172803
-10.656759,1.1397462
-5.285781,-1.9481708
-5.885162,3.0112653
-10.215023,3.697562
-2.823828,4.525897
-6.7365065,1.4882244
-7.802583,2.452086
2.3007076,0.13353503
36.96398,-26.294039
5.3331757,-0.102599114
25.58416,-11.604337
-2.696966,3.7376842
-8.879279,1.211959
6.2406454,5.989068
2.4650078,-0.5556086
-5.6605973,3.1191566
-11.1388035,3.8017812
-2.023729,-1.9128267
-5.1313767,-2.872002
1.518504,1.4333876
2.431169,0.87677234
-8.795161,1.9235158
-7.347392,0.6509084
-5.7739425,-3.3839762
-12.135096,5.0972
21.251009,-5.59575
-7.437127,2.5852318
5.7571087,1.9591011
3.3194544,-5.2842016
-4.9995403,0.5591806
-8.073288,2.5525935
-8.087421,1.1220578
-9.862385,2.924292
13.319245,-11.750905
16.066776,-8.188707
-10.982393,1.6961794
15.103321,-11.31735
-6.625925,4.2632623
-3.7683575,2.3503294
-10.338198,2.869713
8.805321,1.2114898
-4.687258,1.0120872
91.727684,58.26202
4.8643637,-5.263336
-3.1522589,-0.09046447
-6.0955873,3.0271099
-0.2513891,-3.8454416
-10.212285,3.806529
-9.403131,0.7598396
-6.3947988,5.284407
-6.2003393,-0.12838401
-10.89413,2.8735461
-6.481457,0.61959493
-8.439912,1.1469847
-1.2212347,2.9639184
-6.3310213,3.236505
46.749187,-17.787447
-9.024821,4.907052
-5.547219,-1.4101353
6.0202293,1.9597983
-8.001167,-0.9426129
-0.35547248,-3.5883136
-9.567293,2.9794388
-0.57130903,-8.104652
-10.624214,2.357495
5.113017,-1.5849944
-0.14986132,4.085488
-2.0957904,3.2247906
-7.2127233,3.2249627
-5.485221,1.5840693
-9.113019,0.57246417
16.87901,-22.172613
-1.2827017,1.7605249
19.459606,-0.2859728
-8.153874,-1.4468409
-5.1750298,1.7113897
-8.511356,5.013941
6.05892,-1.7431442
-6.347232,1.2227253
-9.4430065,4.554507
-1.0526372,0.21322511
-8.507396,1.4334198
0.34185183,-0.41473573
-8.6943445,-0.39531925
-9.130737,5.1437645
8.586806,-8.04669
-7.7615705,2.961981
-4.134191,0.40846416
9.708558,-0.973519
5.9755397,-0.10903934
-2.1909707,-4.64587
-4.309504,-1.8543303
-11.350114,4.277782
-9.392069,3.6883187
-7.534492,1.988572
88.06178,16.026354
-10.4878645,0.10457625
-7.4393873,1.8644698
-1.5405692,-2.2555315
-11.637969,2.6132455
-7.572336,2.2686837
-3.8245718,-2.2624633
-4.859442,2.6193783
-6.360598,-0.5999874
57.510406,-1.9049658
-0.24265857,-6.183695
26.237179,18.537968
-5.5091524,3.6136358
-9.1746,2.1229184
1.7012807,0.9603493
-11.601762,2.8963356
19.062853,-10.324227
3.63829,-3.860137
2.917305,1.0604529
-10.06945,0.6074839
-4.4949474,-0.5677611
-6.638259,4.1007757
-4.908783,4.9601393
-8.816147,2.478312
0.1518935,1.1803226
-8.248713,2.47299
-0.024180155,-6.6344204
-9.976895,5.4212074
-9.373081,-1.1605611
-9.665593,3.6341906
-10.345544,1.5585325
-5.8689504,-0.9302777
-9.723972,1.7729257
-7.9921126,6.4153256
-7.16927,4.01205
-11.256231,0.95968634
-9.985138,3.4182296
-7.760988,-0.019207202
3.9264753,-6.2392654
-4.4420815,1.6763489
-12.263179,4.8776073
-7.05617,3.3989959
-10.142357,3.124987
-7.672444,4.1602497
-1.2189987,-6.472592
-7.302293,0.7703331
-2.1714866,-5.1030393
-3.882746,-2.6018612
-6.908451,3.5642064
-5.9287667,-3.788574
-5.2394037,1.7146629
-1.3658407,5.3052855
-10.158544,2.6476097
-2.9676704,-0.97891915
-3.6391804,1.602746
-10.122434,2.2482343
52.587673,-39.788086
-2.171659,0.8734373
0.38899568,-5.8914104
-5.7032104,1.5778438
-4.968165,-5.3730574
-12.905614,3.2917876
-4.7793913,-2.4826252
-8.137611,1.0827981
-7.7321205,3.6216614
-10.477587,4.716295
-6.356509,-1.213603
19.665483,-6.362628
1.7357949,1.3547822
-0.23695458,-2.2683372
-9.405533,2.5419397
41.64874,45.5006
-10.584039,2.2947965
-7.6230845,-0.1814911
-8.59971,4.6898623
-6.410626,2.101356
-4.590649,-1.6730943
-10.348061,2.3624096
0.48313096,-4.917437
3.556907,-6.2020617
-8.991762,1.4990644
-8.118731,4.848176
-5.89783,-1.5698308
8.245748,-8.512215
2.449478,1.4219087
-8.713454,-1.2433053
-10.417355,2.263886
-6.0153503,4.1362624
-9.740372,2.694274
20.9926,14.532528
-5.383683,-0.18851984
45.772568,41.366783
-8.131593,-1.9371132
3.1376014,-7.209114
37.78543,-6.4251876
-6.6403646,0.6702415
-5.503162,2.4019837
2.2224474,1.3836855
-6.50638,1.6169281
-8.432896,4.670063
-6.227885,2.2179658
-3.9837024,-0.20232707
-12.603279,4.118652
-9.221282,2.4120243
-10.9812975,3.6919186
0.461868,-3.552466
-3.266741,-0.9030514
13.436247,-6.727812
9.750124,-5.7989078
-1.844664,-4.5986366
-4.975137,3.0999262
-9.345627,3.0803328
44.140694,-36.58649
-4.6171665,0.35672262
-3.5498712,5.075101
86.75473,-46.42358
-5.096112,-0.14727269
-8.99653,1.6126553
-8.769819,4.1166315
-10.635413,3.368344
19.479404,6.997954
-10.165764,3.1245277
-6.4706974,1.7963234
13.76987,-14.681195
-9.487426,3.62242
-8.829854,1.7525644
-1.7096193,-0.93887
-4.204015,0.821611
-5.7009764,-2.1225622
-5.274014,3.1021292
-7.7611217,3.7609553
-3.373878,-6.2184258
19.566065,-23.358755
86.247505,-50.804638
3.3962018,-4.4952946
-10.309002,4.546963
-8.008522,2.0233896
-9.761916,2.3238893
-9.254465,0.9710255
-4.848635,-0.6842297
-12.259937,3.2904766
3.3739014,-1.6033361
-10.206705,3.5708838
-6.18305,3.1120613
5.7791815,-7.3932943
-3.6997771,5.026322
-6.9913435,0.13053596
-7.0117455,4.4486804
-3.336236,-0.9006207
-9.188009,2.8224945
-8.8656,2.342776
11.313421,-15.899247
-5.9289856,0.9322523
-10.631528,2.9927728
7.0413113,-4.0022388
-4.6895466,9.631242
-5.160064,-0.51833624
10.232298,4.57624
-8.735937,1.1994127
-6.3270874,1.4365451
-7.5809283,1.8487737
5.0635796,-11.870387
-7.9996758,0.11148557
-7.803616,2.7255368
-11.306951,3.6669436
-2.5428958,-2.5395193
-9.601056,4.3504267
-1.7248476,-5.2738366
3.3175468,-5.886541
-8.469061,1.5465336
